Workbook

Sheet Overall - Summary 
A1: Summary of Documents | O1: =TODAY() -> 46266
B2: ACONEX STATUS | M2: TOTAL SUBMISSION & PERCENTAGE (ACONEX)
A3: Documents Type & Discipline | B3: Under Review | C3: A - Work May Proceed | D3: B- Incorporate Comments - Proceed | E3: C - Revise and Resubmit - Do Not Proceed | F3: D - Rejected | G3: E - Review not Required - Proceed | H3: For Review & Approval | I3: Open | J3: Closed | K3: Terminate | L3: Cancelled | M3: Cumulative/Actual | N3: Total - Documents | O3: Approved % Code A, B & E
A4: CIV - MAT | B4: ='CIV - MAT'!G6 -> 1 | C4: ='CIV - MAT'!B6 -> 49 | D4: ='CIV - MAT'!C6 -> 8 | E4: ='CIV - MAT'!D6 -> 0 | F4: ='CIV - MAT'!E6 -> 1 | G4: ='CIV - MAT'!F6 -> 0 | H4: ='CIV - MAT'!H6 -> 0 | K4: ='CIV - MAT'!I6 -> 0 | L4: ='CIV - MAT'!J6 -> 31 | M4: =SUM(B4:J4) -> 59 | N4: =SUM(B4:L4) -> 90 | O4: =(C4+D4+G4)/M4 -> 0.96610169
A5: STR - MAT | B5: ='STR - MAT'!G6 -> 0 | C5: ='STR - MAT'!B6 -> 13 | D5: ='STR - MAT'!C6 -> 5 | E5: ='STR - MAT'!D6 -> 1 | F5: ='STR - MAT'!E6 -> 0 | G5: ='STR - MAT'!F6 -> 0 | H5: ='STR - MAT'!H6 -> 0 | K5: ='STR - MAT'!I6 -> 0 | L5: ='STR - MAT'!J6 -> 3 | M5: =SUM(B5:J5) -> 19 | N5: =SUM(B5:L5) -> 22 | O5: =(C5+D5+G5)/M5 -> 0.94736842
A6: ELE - MAT | B6: ='ELE - MAT'!G6 -> 1 | C6: ='ELE - MAT'!B6 -> 34 | D6: ='ELE - MAT'!C6 -> 2 | E6: ='ELE - MAT'!D6 -> 2 | F6: ='ELE - MAT'!E6 -> 0 | G6: ='ELE - MAT'!F6 -> 0 | H6: ='ELE - MAT'!H6 -> 1 | K6: ='ELE - MAT'!I6 -> 0 | L6: ='ELE - MAT'!J6 -> 21 | M6: =SUM(B6:J6) -> 40 | N6: =SUM(B6:L6) -> 61 | O6: =(C6+D6+G6)/M6 -> 0.9
A7: ARC- MAT | B7: ='ARC - MAT'!G6 -> 6 | C7: ='ARC - MAT'!B6 -> 70 | D7: ='ARC - MAT'!C6 -> 5 | E7: ='ARC - MAT'!D6 -> 8 | F7: ='ARC - MAT'!E6 -> 0 | G7: ='ARC - MAT'!F6 -> 0 | H7: ='ARC - MAT'!H6 -> 0 | K7: ='ARC - MAT'!I6 -> 0 | L7: ='ARC - MAT'!J6 -> 44 | M7: =SUM(B7:J7) -> 89 | N7: =SUM(B7:L7) -> 133 | O7: =(C7+D7+G7)/M7 -> 0.84269663
A8: MEC- MAT | B8: ='MEC- MAT'!G6 -> 10 | C8: ='MEC- MAT'!B6 -> 86 | D8: ='MEC- MAT'!C6 -> 13 | E8: ='MEC- MAT'!D6 -> 5 | F8: ='MEC- MAT'!E6 -> 0 | G8: ='MEC- MAT'!F6 -> 0 | H8: ='MEC- MAT'!H6 -> 0 | K8: ='MEC- MAT'!I6 -> 0 | L8: ='MEC- MAT'!J6 -> 21 | M8: =SUM(B8:J8) -> 114 | N8: =SUM(B8:L8) -> 135 | O8: =(C8+D8+G8)/M8 -> 0.86842105
A9: SEC- MAT | B9: ='SEC- MAT'!G6 -> 0 | C9: ='SEC- MAT'!B6 -> 1 | D9: ='SEC- MAT'!C6 -> 1 | E9: ='SEC- MAT'!D6 -> 0 | F9: ='SEC- MAT'!E6 -> 0 | G9: ='SEC- MAT'!F6 -> 0 | H9: ='SEC- MAT'!H6 -> 0 | K9: ='SEC- MAT'!I6 -> 0 | L9: ='SEC- MAT'!J6 -> 2 | M9: =SUM(B9:J9) -> 2 | N9: =SUM(B9:L9) -> 4 | O9: =(C9+D9+G9)/M9 -> 1
A10: FPR - MAT | B10: ='FPR - MAT'!G6 -> 1 | C10: ='FPR - MAT'!B6 -> 1 | D10: ='FPR - MAT'!C6 -> 0 | E10: ='FPR - MAT'!D6 -> 0 | F10: ='FPR - MAT'!E6 -> 0 | G10: ='FPR - MAT'!F6 -> 0 | H10: ='FPR - MAT'!H6 -> 0 | K10: ='FPR - MAT'!I6 -> 0 | L10: ='FPR - MAT'!J6 -> 0 | M10: =SUM(B10:J10) -> 2 | N10: =SUM(B10:L10) -> 2 | O10: =(C10+D10+G10)/M10 -> 0.5
A11: ICT - MAT | B11: ='ICT - MAT'!G6 -> 1 | C11: ='ICT - MAT'!B6 -> 2 | D11: ='ICT - MAT'!C6 -> 1 | E11: ='ICT - MAT'!D6 -> 0 | F11: ='ICT - MAT'!E6 -> 0 | G11: ='ICT - MAT'!F6 -> 0 | H11: ='ICT - MAT'!H6 -> 0 | K11: ='ICT - MAT'!I6 -> 0 | L11: ='ICT - MAT'!J6 -> 0 | M11: =SUM(B11:J11) -> 4 | N11: =SUM(B11:L11) -> 4 | O11: =(C11+D11+G11)/M11 -> 0.75
A12: LAN - MAT | B12: ='LAN - MAT'!G6 -> 0 | C12: ='LAN - MAT'!B6 -> 6 | D12: ='LAN - MAT'!C6 -> 5 | E12: ='LAN - MAT'!D6 -> 0 | F12: ='LAN - MAT'!E6 -> 0 | G12: ='LAN - MAT'!F6 -> 0 | H12: ='LAN - MAT'!H6 -> 0 | K12: ='LAN - MAT'!I6 -> 0 | L12: ='LAN - MAT'!J6 -> 2 | M12: =SUM(B12:J12) -> 11 | N12: =SUM(B12:L12) -> 13 | O12: =(C12+D12+G12)/M12 -> 1
A13: ELV - MAT | B13: ='ELV - MAT'!G6 -> 0 | C13: ='ELV - MAT'!B6 -> 9 | D13: ='ELV - MAT'!C6 -> 2 | E13: ='ELV - MAT'!D6 -> 0 | F13: ='ELV - MAT'!E6 -> 0 | G13: ='ELV - MAT'!F6 -> 0 | H13: ='ELV - MAT'!H6 -> 0 | K13: ='ELV - MAT'!I6 -> 0 | L13: ='ELV - MAT'!J6 -> 2 | M13: =SUM(B13:J13) -> 11 | N13: =SUM(B13:L13) -> 13 | O13: =(C13+D13+G13)/M13 -> 1
A14: Overall - Material Submittals é | B14: =SUM(B4:B13) -> 20 | C14: =SUM(C4:C13) -> 271 | D14: =SUM(D4:D13) -> 42 | E14: =SUM(E4:E13) -> 16 | F14: =SUM(F4:F13) -> 1 | G14: =SUM(G4:G13) -> 0 | H14: =SUM(H4:H13) -> 1 | K14: =SUM(K4:K13) -> 0 | L14: =SUM(L4:L13) -> 126 | M14: =SUM(M4:M13) -> 351 | N14: =SUM(N4:N13) -> 477 | O14: =(C14+D14+G14)/M14 -> 0.89173789
A15: CIV - PQD | B15: ='CIV - PQD'!G6 -> 1 | C15: ='CIV - PQD'!B6 -> 21 | D15: ='CIV - PQD'!C6 -> 0 | E15: ='CIV - PQD'!D6 -> 0 | F15: ='CIV - PQD'!E6 -> 0 | G15: ='CIV - PQD'!F6 -> 0 | H15: ='CIV - PQD'!H6 -> 0 | K15: ='CIV - PQD'!I6 -> 0 | L15: ='CIV - PQD'!J6 -> 2 | M15: =SUM(B15:J15) -> 22 | N15: =SUM(B15:L15) -> 24 | O15: =(C15+D15+G15)/M15 -> 0.95454545
A16: ELE - PQD | B16: ='ELE - PQD'!G6 -> 0 | C16: ='ELE - PQD'!B6 -> 32 | D16: ='ELE - PQD'!C6 -> 2 | E16: ='ELE - PQD'!D6 -> 0 | F16: ='ELE - PQD'!E6 -> 0 | G16: ='ELE - PQD'!F6 -> 1 | H16: ='ELE - PQD'!H6 -> 0 | K16: ='ELE - PQD'!I6 -> 0 | L16: ='ELE - PQD'!J6 -> 4 | M16: =SUM(B16:J16) -> 35 | N16: =SUM(B16:L16) -> 39 | O16: =(C16+D16+G16)/M16 -> 1
A17: MEC - PQD | B17: ='MEC - PQD'!G6 -> 1 | C17: ='MEC - PQD'!B6 -> 81 | D17: ='MEC - PQD'!C6 -> 5 | E17: ='MEC - PQD'!D6 -> 0 | F17: ='MEC - PQD'!E6 -> 1 | G17: ='MEC - PQD'!F6 -> 3 | H17: ='MEC - PQD'!H6 -> 0 | K17: ='MEC - PQD'!I6 -> 0 | L17: ='MEC - PQD'!J6 -> 8 | M17: =SUM(B17:J17) -> 91 | N17: =SUM(B17:L17) -> 99 | O17: =(C17+D17+G17)/M17 -> 0.97802198
A18: STR - PQD | B18: ='STR - PQD'!G6 -> 0 | C18: ='STR - PQD'!B6 -> 2 | D18: ='STR - PQD'!C6 -> 0 | E18: ='STR - PQD'!D6 -> 0 | F18: ='STR - PQD'!E6 -> 0 | G18: ='STR - PQD'!F6 -> 0 | H18: ='STR - PQD'!H6 -> 0 | K18: ='STR - PQD'!I6 -> 0 | L18: ='STR - PQD'!J6 -> 0 | M18: =SUM(B18:J18) -> 2 | N18: =SUM(B18:L18) -> 2 | O18: =(C18+D18+G18)/M18 -> 1
A19: ARC - PQD | B19: ='ARC - PQD'!G6 -> 0 | C19: ='ARC - PQD'!B6 -> 27 | D19: ='ARC - PQD'!C6 -> 1 | E19: ='ARC - PQD'!D6 -> 0 | F19: ='ARC - PQD'!E6 -> 0 | G19: ='ARC - PQD'!F6 -> 0 | H19: ='ARC - PQD'!F6 -> 0 | K19: ='ARC - PQD'!I6 -> 0 | L19: ='ARC - PQD'!J6 -> 1 | M19: =SUM(B19:J19) -> 28 | N19: =SUM(B19:L19) -> 29 | O19: =(C19+D19+G19)/M19 -> 1
A20: FLS - PQD | B20: ='FLS - PQD'!G6 -> 0 | C20: ='FLS - PQD'!B6 -> 1 | D20: ='FLS - PQD'!C6 -> 1 | E20: ='FLS - PQD'!D6 -> 0 | F20: ='FLS - PQD'!E6 -> 0 | G20: ='FLS - PQD'!F6 -> 0 | H20: ='FLS - PQD'!H6 -> 0 | K20: ='FLS - PQD'!I6 -> 0 | L20: ='FLS - PQD'!J6 -> 1 | M20: =SUM(B20:J20) -> 2 | N20: =SUM(B20:L20) -> 3 | O20: =(C20+D20+G20)/M20 -> 1
A21: SEC - PQD | B21: ='SEC - PQD'!G6 -> 0 | C21: ='SEC - PQD'!B6 -> 3 | D21: ='SEC - PQD'!C6 -> 0 | E21: ='SEC - PQD'!D6 -> 0 | F21: ='SEC - PQD'!E6 -> 0 | G21: ='SEC - PQD'!F6 -> 1 | H21: ='SEC - PQD'!H6 -> 0 | K21: ='SEC - PQD'!I6 -> 0 | L21: ='SEC - PQD'!J6 -> 1 | M21: =SUM(B21:J21) -> 4 | N21: =SUM(B21:L21) -> 5 | O21: =(C21+D21+G21)/M21 -> 1
A22: SUS - PQD | B22: ='SUS - PQD'!G6 -> 0 | C22: ='SUS - PQD'!B6 -> 1 | D22: ='SUS - PQD'!C6 -> 0 | E22: ='SUS - PQD'!D6 -> 0 | F22: ='SUS - PQD'!E6 -> 0 | G22: ='SUS - PQD'!F6 -> 0 | H22: ='SUS - PQD'!H6 -> 0 | K22: ='SUS - PQD'!I6 -> 0 | L22: ='SUS - PQD'!J6 -> 2 | M22: =SUM(B22:J22) -> 1 | N22: =SUM(B22:L22) -> 3 | O22: =(C22+D22+G22)/M22 -> 1
A23: Overall - Prequalification Document é | B23: =SUM(B15:B22) -> 2 | C23: =SUM(C15:C22) -> 168 | D23: =SUM(D15:D22) -> 9 | E23: =SUM(E15:E22) -> 0 | F23: =SUM(F15:F22) -> 1 | G23: =SUM(G15:G22) -> 5 | H23: =SUM(H15:H22) -> 0 | K23: =SUM(K15:K22) -> 0 | L23: =SUM(L15:L22) -> 19 | M23: =SUM(M15:M22) -> 185 | N23: =SUM(N15:N22) -> 204 | O23: =(C23+D23+G23)/M23 -> 0.98378378
A24: CIV - MST | B24: ='CIV - MST'!G6 -> 1 | C24: ='CIV - MST'!B6 -> 32 | D24: ='CIV - MST'!C6 -> 0 | E24: ='CIV - MST'!D6 -> 0 | F24: ='CIV - MST'!E6 -> 0 | G24: ='CIV - MST'!F6 -> 0 | H24: ='CIV - MST'!H6 -> 0 | K24: ='CIV - MST'!I6 -> 0 | L24: ='CIV - MST'!J6 -> 10 | M24: =SUM(B24:J24) -> 33 | N24: =SUM(B24:L24) -> 43 | O24: =(C24+D24+G24)/M24 -> 0.96969697
A25: STR - MST | B25: ='STR - MST'!G6 -> 0 | C25: ='STR - MST'!B6 -> 9 | D25: ='STR - MST'!C6 -> 0 | E25: ='STR - MST'!D6 -> 0 | F25: ='STR - MST'!E6 -> 0 | G25: ='STR - MST'!F6 -> 0 | H25: ='STR - MST'!H6 -> 0 | K25: ='STR - MST'!I6 -> 0 | L25: ='STR - MST'!J6 -> 0 | M25: =SUM(B25:J25) -> 9 | N25: =SUM(B25:L25) -> 9 | O25: =(C25+D25+G25)/M25 -> 1
A26: ARC- MST | B26: ='ARC- MST'!G6 -> 0 | C26: ='ARC- MST'!B6 -> 18 | D26: ='ARC- MST'!C6 -> 1 | E26: ='ARC- MST'!D6 -> 0 | F26: ='ARC- MST'!E6 -> 0 | G26: ='ARC- MST'!F6 -> 0 | H26: ='ARC- MST'!H6 -> 0 | K26: ='ARC- MST'!I6 -> 0 | L26: ='ARC- MST'!J6 -> 1 | M26: =SUM(B26:J26) -> 19 | N26: =SUM(B26:L26) -> 20 | O26: =(C26+D26+G26)/M26 -> 1
A27: SRV - MST | B27: ='SRV - MST'!G6 -> 0 | C27: ='SRV - MST'!B6 -> 1 | D27: ='SRV - MST'!C6 -> 0 | E27: ='SRV - MST'!D6 -> 0 | F27: ='SRV - MST'!E6 -> 0 | G27: ='SRV - MST'!F6 -> 0 | H27: ='SRV - MST'!H6 -> 0 | K27: ='SRV - MST'!I6 -> 0 | L27: ='SRV - MST'!J6 -> 1 | M27: =SUM(B27:J27) -> 1 | N27: =SUM(B27:L27) -> 2 | O27: =(C27+D27+G27)/M27 -> 1
A28: MEC - MST | B28: ='MEC - MST'!G6 -> 0 | C28: ='MEC - MST'!B6 -> 18 | D28: ='MEC - MST'!C6 -> 1 | E28: ='MEC - MST'!D6 -> 1 | F28: ='MEC - MST'!E6 -> 0 | G28: ='MEC - MST'!F6 -> 0 | H28: ='MEC - MST'!H6 -> 1 | K28: ='MEC - MST'!I6 -> 0 | L28: ='MEC - MST'!J6 -> 2 | M28: =SUM(B28:J28) -> 21 | N28: =SUM(B28:L28) -> 23 | O28: =(C28+D28+G28)/M28 -> 0.9047619
A29: ELE - MST | B29: ='ELE - MST'!G6 -> 0 | C29: ='ELE - MST'!B6 -> 14 | D29: ='ELE - MST'!C6 -> 1 | E29: ='ELE - MST'!D6 -> 0 | F29: ='ELE - MST'!E6 -> 0 | G29: ='ELE - MST'!F6 -> 0 | H29: ='ELE - MST'!H6 -> 0 | K29: ='ELE - MST'!I6 -> 0 | L29: ='ELE - MST'!J6 -> 2 | M29: =SUM(B29:J29) -> 15 | N29: =SUM(B29:L29) -> 17 | O29: =(C29+D29+G29)/M29 -> 1
A30: ELV - MST | B30: ='ELV - MST'!G6 -> 0 | C30: ='ELV - MST'!B6 -> 8 | D30: ='ELV - MST'!C6 -> 0 | E30: ='ELV - MST'!D6 -> 0 | F30: ='ELV - MST'!E6 -> 0 | G30: ='ELV - MST'!F6 -> 0 | H30: ='ELV - MST'!H6 -> 0 | K30: ='ELV - MST'!I6 -> 0 | L30: ='ELV - MST'!J6 -> 0 | M30: =SUM(B30:J30) -> 8 | N30: =SUM(B30:L30) -> 8 | O30: =(C30+D30+G30)/M30 -> 1
A31: INF - MST | B31: ='INF - MST '!G6 -> 2 | C31: ='INF - MST '!B6 -> 2 | D31: ='INF - MST '!C6 -> 0 | E31: ='INF - MST '!D6 -> 1 | F31: ='INF - MST '!E6 -> 0 | G31: ='INF - MST '!F6 -> 0 | H31: ='INF - MST '!H6 -> 0 | K31: ='INF - MST '!I6 -> 0 | L31: ='INF - MST '!J6 -> 0 | M31: =SUM(B31:J31) -> 5 | N31: =SUM(B31:L31) -> 5 | O31: =(C31+D31+G31)/M31 -> 0.4
A32: GEO - MST | B32: ='GEO - MST'!G6 -> 0 | C32: ='GEO - MST'!B6 -> 0 | D32: ='GEO - MST'!C6 -> 0 | E32: ='GEO - MST'!D6 -> 0 | F32: ='GEO - MST'!E6 -> 0 | G32: ='GEO - MST'!F6 -> 0 | H32: ='GEO - MST'!H6 -> 0 | K32: ='GEO - MST'!I6 -> 0 | L32: ='GEO - MST'!J6 -> 1 | M32: =SUM(B32:J32) -> 0 | N32: =SUM(B32:L32) -> 1 | O32: =(C32+D32+G32)/M32 -> #DIV/0!
A33: CON - MST | B33: ='CON - MST'!G6 -> 0 | C33: ='CON - MST'!B6 -> 0 | D33: ='CON - MST'!C6 -> 0 | E33: ='CON - MST'!D6 -> 0 | F33: ='CON - MST'!E6 -> 0 | G33: ='CON - MST'!F6 -> 0 | H33: ='CON - MST'!H6 -> 0 | K33: ='CON - MST'!I6 -> 0 | L33: ='CON - MST'!J6 -> 1 | M33: =SUM(B33:J33) -> 0 | N33: =SUM(B33:L33) -> 1 | O33: =(C33+D33+G33)/M33 -> #DIV/0!
A34: HSE - MST | B34: ='HSE - MST'!G6 -> 0 | C34: ='HSE - MST'!B6 -> 6 | D34: ='HSE - MST'!C6 -> 0 | E34: ='HSE - MST'!D6 -> 0 | F34: ='HSE - MST'!E6 -> 0 | G34: ='HSE - MST'!F6 -> 0 | H34: ='HSE - MST'!H6 -> 0 | K34: ='HSE - MST'!I6 -> 0 | L34: ='HSE - MST'!J6 -> 1 | M34: =SUM(B34:J34) -> 6 | N34: =SUM(B34:L34) -> 7 | O34: =(C34+D34+G34)/M34 -> 1
A35: Overall - Method Statement é | B35: =SUM(B24:B34) -> 3 | C35: =SUM(C24:C34) -> 108 | D35: =SUM(D24:D34) -> 3 | E35: =SUM(E24:E34) -> 2 | F35: =SUM(F24:F34) -> 0 | G35: =SUM(G24:G34) -> 0 | H35: =SUM(H24:H34) -> 1 | K35: =SUM(K24:K34) -> 0 | L35: =SUM(L24:L34) -> 19 | M35: =SUM(M24:M34) -> 117 | N35: =SUM(N24:N34) -> 136 | O35: =(C35+D35+G35)/M35 -> 0.94871795
A36: CIV - ITP | B36: ='CIV - ITP'!G6 -> 0 | C36: ='CIV - ITP'!B6 -> 12 | D36: ='CIV - ITP'!C6 -> 0 | E36: ='CIV - ITP'!D6 -> 0 | F36: ='CIV - ITP'!E6 -> 0 | G36: ='CIV - ITP'!F6 -> 0 | H36: ='CIV - ITP'!H6 -> 0 | K36: ='CIV - ITP'!I6 -> 0 | L36: ='CIV - ITP'!J6 -> 7 | M36: =SUM(B36:J36) -> 12 | N36: =SUM(B36:L36) -> 19 | O36: =(C36+D36+G36)/M36 -> 1
A37: STR - ITP | B37: ='STR - ITP'!G6 -> 0 | C37: ='STR - ITP'!B6 -> 4 | D37: ='STR - ITP'!C6 -> 0 | E37: ='STR - ITP'!D6 -> 0 | F37: ='STR - ITP'!E6 -> 0 | G37: ='STR - ITP'!F6 -> 0 | H37: ='STR - ITP'!H6 -> 0 | K37: ='STR - ITP'!I6 -> 0 | L37: ='STR - ITP'!J6 -> 0 | M37: =SUM(B37:J37) -> 4 | N37: =SUM(B37:L37) -> 4 | O37: =(C37+D37+G37)/M37 -> 1
A38: ARC - ITP | B38: ='ARC - ITP '!G6 -> 0 | C38: ='ARC - ITP '!B6 -> 17 | D38: ='ARC - ITP '!C6 -> 0 | E38: ='ARC - ITP '!D6 -> 0 | F38: ='ARC - ITP '!E6 -> 0 | G38: ='ARC - ITP '!F6 -> 0 | H38: ='ARC - ITP '!H6 -> 0 | K38: ='ARC - ITP '!I6 -> 0 | L38: ='ARC - ITP '!J6 -> 0 | M38: =SUM(B38:J38) -> 17 | N38: =SUM(B38:L38) -> 17 | O38: =(C38+D38+G38)/M38 -> 1
A39: SRV - ITP | B39: ='SRV - ITP'!G6 -> 0 | C39: ='SRV - ITP'!B6 -> 0 | D39: ='SRV - ITP'!C6 -> 0 | E39: ='SRV - ITP'!D6 -> 0 | F39: ='SRV - ITP'!E6 -> 0 | G39: ='SRV - ITP'!F6 -> 1 | H39: ='SRV - ITP'!H6 -> 0 | K39: ='SRV - ITP'!I6 -> 0 | L39: ='SRV - ITP'!J6 -> 0 | M39: =SUM(B39:J39) -> 1 | N39: =SUM(B39:L39) -> 1 | O39: =(C39+D39+G39)/M39 -> 1
A40: INF - ITP | B40: ='INF - ITP'!G6 -> 0 | C40: ='INF - ITP'!B6 -> 1 | D40: ='INF - ITP'!C6 -> 0 | E40: ='INF - ITP'!D6 -> 0 | F40: ='INF - ITP'!E6 -> 0 | G40: ='INF - ITP'!F6 -> 0 | H40: ='INF - ITP'!H6 -> 0 | K40: ='INF - ITP'!I6 -> 0 | L40: ='INF - ITP'!J6 -> 0 | M40: =SUM(B40:J40) -> 1 | N40: =SUM(B40:L40) -> 1 | O40: =(C40+D40+G40)/M40 -> 1
A41: MEC - ITP | B41: ='MEC - ITP'!G6 -> 0 | C41: ='MEC - ITP'!B6 -> 34 | D41: ='MEC - ITP'!C6 -> 2 | E41: ='MEC - ITP'!D6 -> 1 | F41: ='MEC - ITP'!E6 -> 0 | G41: ='MEC - ITP'!F6 -> 0 | H41: ='MEC - ITP'!H6 -> 0 | K41: ='MEC - ITP'!I6 -> 0 | L41: ='MEC - ITP'!J6 -> 4 | M41: =SUM(B41:J41) -> 37 | N41: =SUM(B41:L41) -> 41 | O41: =(C41+D41+G41)/M41 -> 0.97297297
A42: ELE - ITP | B42: ='ELE - ITP'!G6 -> 0 | C42: ='ELE - ITP'!B6 -> 26 | D42: ='ELE - ITP'!C6 -> 0 | E42: ='ELE - ITP'!D6 -> 0 | F42: ='ELE - ITP'!E6 -> 0 | G42: ='ELE - ITP'!F6 -> 0 | H42: ='ELE - ITP'!H6 -> 0 | K42: ='ELE - ITP'!I6 -> 0 | L42: ='ELE - ITP'!J6 -> 0 | M42: =SUM(B42:J42) -> 26 | N42: =SUM(B42:L42) -> 26 | O42: =(C42+D42+G42)/M42 -> 1
A43: ELV - ITP | B43: ='ELV - ITP'!G6 -> 0 | C43: ='ELV - ITP'!B6 -> 7 | D43: ='ELV - ITP'!C6 -> 0 | E43: ='ELV - ITP'!D6 -> 0 | F43: ='ELV - ITP'!E6 -> 0 | G43: ='ELV - ITP'!F6 -> 0 | H43: ='ELV - ITP'!H6 -> 0 | K43: ='ELV - ITP'!I6 -> 0 | L43: ='ELV - ITP'!J6 -> 0 | M43: =SUM(B43:J43) -> 7 | N43: =SUM(B43:L43) -> 7 | O43: =(C43+D43+G43)/M43 -> 1
A44: FAS - ITP | B44: ='FAS - ITP'!G6 -> 0 | C44: ='FAS - ITP'!B6 -> 0 | D44: ='FAS - ITP'!C6 -> 0 | E44: ='FAS - ITP'!D6 -> 0 | F44: ='FAS - ITP'!E6 -> 0 | G44: ='FAS - ITP'!F6 -> 0 | H44: ='FAS - ITP'!H6 -> 0 | K44: ='FAS - ITP'!I6 -> 0 | L44: ='FAS - ITP'!J6 -> 1 | M44: =SUM(B44:J44) -> 0 | N44: =SUM(B44:L44) -> 1 | O44: =(C44+D44+G44)/M44 -> #DIV/0!
A45: Overall - Inspection and Test Plan é | B45: =SUM(B36:B44) -> 0 | C45: =SUM(C36:C44) -> 101 | D45: =SUM(D36:D44) -> 2 | E45: =SUM(E36:E44) -> 1 | F45: =SUM(F36:F44) -> 0 | G45: =SUM(G36:G44) -> 1 | H45: =SUM(H36:H44) -> 0 | I45: =SUM(I36:I44) -> 0 | ... N45: =SUM(N36:N44) -> 117 | O45: =(C45+D45+G45)/M45 -> 0.99047619
A48: Overall - Documents | B48: =SUM(B45,B35,B23,B14) -> 25 | C48: =SUM(C45,C35,C23,C14) -> 648 | D48: =SUM(D45,D35,D23,D14) -> 56 | E48: =SUM(E45,E35,E23,E14) -> 19 | F48: =SUM(F45,F35,F23,F14) -> 2 | G48: =SUM(G45,G35,G23,G14) -> 6 | H48: =SUM(H45,H35,H23,H14) -> 2 | I48: =SUM(I45,I35,I23,I14) -> 0 | ... N48: =SUM(N45,N35,N23,N14) -> 934 | O48: =(C48+D48+G48)/M48 -> 0.93667546

Sheet CIV - MAT
B1: Contract Title: | C1: 4800001272-FHD-Construction of OXAGON Coast Guard Facilities | I1: Date: | J1: =TODAY() -> 46266
B2: Type of Doc: | C2: Material Submittal (MAT)
B3: Discipline: | C3: CIV - Civil
B5: A - Work May Proceed | C5: B- Incorporate Comments - Proceed | D5: C - Revise and Resubmit - Do Not Proceed | E5: D - Rejected | F5: E - Review not Required - Proceed | G5: UR | H5: For Approval | I5: Terminated | J5: Cancelled
B6: =COUNTIF(B11:B102,"A - Work May Proceed") -> 49 | C6: =COUNTIF(B11:B102,"B- Incorporate Comments - Proceed") -> 8 | D6: =COUNTIF(B11:B102,"C - Revise and Resubmit - Do Not Proceed") -> 0 | E6: =COUNTIF(B11:B102,"D - Rejected") -> 1 | F6: =COUNTIF(B11:B102,"E - Review not Required - Proceed") -> 0 | G6: =COUNTIF(B11:B102,"UR") -> 1 | H6: =COUNTIF(B11:B102,"FA") -> 0 | I6: =COUNTIF(B11:B102,"Terminated") -> 0 | J6: =COUNTIF(B11:B102,"Cancelled") -> 31
B8: TOTAL | C8: =SUM(B6:J6) -> 90
A10: Asset Codes | B10: Current - Status | C10: Current - Revision | D10: ACONEX Document No | E10: Comments Resolution Sheet (CRS) | F10: Title | G10: Type | H10: Discipline | I10: Revision _ 01 - History | P10: Revision _ 02 - History | W10: Revision _ 03 - History | AD10: Revision _ 04 - History | AK10: Revision _ 05 - History | AR10: Revision _ 06 - History | AY10: Revision _ 07 - History | BF10: Internal notes
I11: Status | J11: Submission Date | K11: Al-Fahd Transmittal Reference | L11: Expected of Response | M11: Receiving Date | N11: Delay of Days | O11: Workflow Transmittal | P11: Status | Q11: Submission Date | R11: Al-Fahd Transmittal Reference | S11: Expected of Response | T11: Receiving Date | U11: Delay of Days | V11: Workflow Transmittal | W11: Status | X11: Submission Date | Y11: Al-Fahd Transmittal Reference | Z11: Expected of Response | AA11: Receiving Date | AB11: Delay of Days | AC11: Workflow Transmittal | AD11: Status | AE11: Submission Date | AF11: Al-Fahd Transmittal Reference | AG11: Expected of Response | AH11: Receiving Date | AI11: Delay of Days | AJ11: Workflow Transmittal | AK11: Status | AL11: Submission Date | AM11: Al-Fahd Transmittal Reference | AN11: Expected of Response | AO11: Receiving Date | AP11: Delay of Days | AQ11: Workflow Transmittal | AR11: Status | AS11: Submission Date | AT11: Al-Fahd Transmittal Reference | AU11: Expected of Response | AV11: Receiving Date | AW11: Delay of Days | AX11: Workflow Transmittal | AY11: Status | AZ11: Submission Date | BA11: Al-Fahd Transmittal Reference | BB11: Expected of Response | BC11: Receiving Date | BD11: Delay of Days | BE11: Workflow Transmittal
A12: 730007 | B12: A - Work May Proceed | C12: 03 | D12: 40-730007-4800001272-FHD-CIV-MAT-000001 | E12: 40-730007-4800001272-FHD-CIV-CRS-000001 | F12: 4800001272/000 - Material submittal for Curing Compound by Sika Saudi Arabia | G12: Material Submittal | H12: CIV - Civil | I12: B- Incorporate Comments - Proceed | J12: 45554 | K12: FHD-TRANSMIT-000002 | L12: =J12+7 -> 45561 | M12: 45561 | N12: =M12-L12 -> 0 | O12: WF-000231 | P12: B- Incorporate Comments - Proceed | Q12: 46195 | R12: FHD-TRANSMIT-005761 | S12: =Q12+7 -> 46202 | T12: 46198 | U12: =T12-S12 -> -4 | V12: WF-025223 | W12: A - Work May Proceed | X12: 46201 | Y12: FHD-TRANSMIT-005831 | Z12: =X12+7 -> 46208 | AA12: 46201 | AB12: =AA12-Z12 -> -7 | AC12: WF-025500
A13: 730007 | B13: Cancelled | C13: XX | D13: 40-730007-4800001272-FHD-CIV-MAT-000002 | E13: 40-730007-4800001272-FHD-CIV-CRS-000002 | F13: 4800001272-FHD-CG - Material Submittal for Bitumen Emulsion Damp-Proofing & Protective Coating - Sika®-Bitumen-60. | G13: Material Submittal | H13: CIV - Civil | I13: B- Incorporate Comments - Proceed | J13: 45554 | K13: FHD-TRANSMIT-000004 | L13: =J13+7 -> 45561 | M13: 45561 | N13: =M13-L13 -> 0 | O13: WF-000232 | P13: Cancelled | Q13: 46233 | R13: FHD-TRANSMIT-006157
A14: 730007 | B14: A - Work May Proceed | C14: 02 | D14: 40-730007-4800001272-FHD-CIV-MAT-000003 | E14: 40-730007-4800001272-FHD-CIV-CRS-000003 | F14: 4800001272-FHD-CG - Material Submittal for Bonding Agent and Mortar Admixture - Sika Bond®DV. | G14: Material Submittal | H14: CIV - Civil | I14: B- Incorporate Comments - Proceed | J14: 45554 | K14: FHD-TRANSMIT-000005 | L14: =J14+7 -> 45561 | M14: 45561 | N14: =M14-L14 -> 0 | O14: WF-000233 | P14: A - Work May Proceed | Q14: 46195 | R14: FHD-TRANSMIT-005770 | S14: =Q14+7 -> 46202 | T14: 46201 | U14: =T14-S14 -> -1 | V14: WF-025281
A15: 730007 | B15: A - Work May Proceed | C15: 02 | D15: 40-730007-4800001272-FHD-CIV-MAT-000004 | E15: 40-730007-4800001272-FHD-CIV-CRS-000004 | F15: 4800001272-FHD-CG - Material Submittal for Anti-Corrosive Shutter Release Agent - Sika®Mould BA. | G15: Material Submittal | H15: CIV - Civil | I15: B- Incorporate Comments - Proceed | J15: 45554 | K15: FHD-TRANSMIT-000006 | L15: =J15+7 -> 45561 | M15: 45561 | N15: =M15-L15 -> 0 | O15: WF-000234 | P15: A - Work May Proceed | Q15: 46195 | R15: FHD-TRANSMIT-005767 | S15: =Q15+7 -> 46202 | T15: 46201 | U15: =T15-S15 -> -1 | V15: WF-025360
A16: 730007 | B16: Cancelled | C16: XX | D16: 40-730007-4800001272-FHD-CIV-MAT-000005 | E16: 40-730007-4800001272-FHD-CIV-CRS-000005 | F16: 4800001272-FHD-CG - Material Submittal for Flexible Sealant for Concrete and Precast Joints - Sikaflex® Construction+ | G16: Material Submittal | H16: CIV - Civil | I16: B- Incorporate Comments - Proceed | J16: 45554 | K16: FHD-TRANSMIT-000007 | L16: =J16+7 -> 45561 | M16: 45561 | N16: =M16-L16 -> 0 | O16: WF-000235 | P16: Cancelled | Q16: 46196 | R16: FHD-TRANSMIT-005778 | S16: _ | T16: _ | U16: _ | V16: _
A17: 730007 | B17: Cancelled | C17: XX | D17: 40-730007-4800001272-FHD-CIV-MAT-000006 | E17: 40-730007-4800001272-FHD-CIV-CRS-000006 | F17: 4800001272-FHD-CG - Material Submittal for High Performance Civil Engineering Joint Sealant - Sikaflex® PRO-3 | G17: Material Submittal | H17: CIV - Civil | I17: B- Incorporate Comments - Proceed | J17: 45554 | K17: FHD-TRANSMIT-000008 | L17: =J17+7 -> 45561 | M17: 45561 | N17: =M17-L17 -> 0 | O17: WF-000236 | P17: Cancelled | Q17: 46196 | R17: FHD-TRANSMIT-005778 | S17: _ | T17: _ | U17: _ | V17: _
A18: 730007 | B18: A - Work May Proceed | C18: 02 | D18: 40-730007-4800001272-FHD-CIV-MAT-000007 | E18: 40-730007-4800001272-FHD-CIV-CRS-000007 | F18: 4800001272-FHD-CG - Material Submittal for Cementitious, Shrinkage Compensated General Purpose Grout - SikaGrout® -114 SA | G18: Material Submittal | H18: CIV - Civil | I18: B- Incorporate Comments - Proceed | J18: 45554 | K18: FHD-TRANSMIT-000009 | L18: =J18+7 -> 45561 | M18: 45563 | N18: =M18-L18 -> 2 | O18: WF-000237 | P18: A - Work May Proceed | Q18: 46195 | R18: FHD-TRANSMIT-005768 | S18: =Q18+7 -> 46202 | T18: 46198 | U18: =T18-S18 -> -4 | V18: WF-025282
A19: 730007 | B19: A - Work May Proceed | C19: 03 | D19: 40-730007-4800001272-FHD-CIV-MAT-000008 | E19: 40-730007-4800001272-FHD-CIV-CRS-000008 | F19: 4800001272-FHD-CG - Material Submittal for Sealer, Finishing Mortar SikaRep® Fine SA | G19: Material Submittal | H19: CIV - Civil | I19: B- Incorporate Comments - Proceed | J19: 45554 | K19: FHD-TRANSMIT-000010 | L19: =J19+7 -> 45561 | M19: 45563 | N19: =M19-L19 -> 2 | O19: WF-000238 | P19: B- Incorporate Comments - Proceed | Q19: 46203 | R19: FHD-TRANSMIT-005867 | S19: =Q19+7 -> 46210 | T19: 46209 | U19: =T19-S19 -> -1 | V19: WF-025656 | W19: A - Work May Proceed | X19: 46210 | Y19: FHD-TRANSMIT-005952 | Z19: =X19+7 -> 46217 | AA19: 46225 | AB19: =AA19-Z19 -> 8 | AC19: WF-026140
A20: 730007 | B20: A - Work May Proceed | C20: 03 | D20: 40-730007-4800001272-FHD-CIV-MAT-000009 | E20: 40-730007-4800001272-FHD-CIV-CRS-000009 | F20: 4800001272-FHD-CG - Material Submittal for Multi-Purpose, Economical, Patching and Repair Mortar - SikaRep® SA | G20: Material Submittal | H20: CIV - Civil | I20: B- Incorporate Comments - Proceed | J20: 45554 | K20: FHD-TRANSMIT-000011 | L20: =J20+7 -> 45561 | M20: 45563 | N20: =M20-L20 -> 2 | O20: WF-000239 | P20: B- Incorporate Comments - Proceed | Q20: 46203 | R20: FHD-TRANSMIT-005876 | S20: =Q20+7 -> 46210 | T20: 46211 | U20: =T20-S20 -> 1 | V20: WF-025725 | W20: A - Work May Proceed | X20: 46211 | Y20: FHD-TRANSMIT-005963 | Z20: =X20+7 -> 46218 | AA20: 46225 | AB20: =AA20-Z20 -> 7 | AC20: WF-026199
A21: 730007 | B21: A - Work May Proceed | C21: 02 | D21: 40-730007-4800001272-FHD-CIV-MAT-000010 | E21: 40-730007-4800001272-FHD-CIV-CRS-000010 | F21: 4800001272-FHD-CG - Material Submittal for Hydrophilic Swellable Joint Sealing Profiles - SikaSwell® A | G21: Material Submittal | H21: CIV - Civil | I21: B- Incorporate Comments - Proceed | J21: 45554 | K21: FHD-TRANSMIT-000012 | L21: =J21+7 -> 45561 | M21: 45563 | N21: =M21-L21 -> 2 | O21: WF-000240 | P21: A - Work May Proceed | Q21: 46202 | R21: FHD-TRANSMIT-005857 | S21: =Q21+7 -> 46209 | T21: 46208 | U21: =T21-S21 -> -1 | V21: WF-025646
A22: 730007 | B22: A - Work May Proceed | C22: 03 | D22: 40-730007-4800001272-FHD-CIV-MAT-000011 | E22: 40-730007-4800001272-FHD-CIV-CRS-000011 | F22: 4800001272-FHD-CG - Material Submittal for Adhesive & Repair Motar-Thixotropic Epoxy Adhesive - Sikadur®-31 CF Slow | G22: Material Submittal | H22: CIV - Civil | I22: B- Incorporate Comments - Proceed | J22: 45554 | K22: FHD-TRANSMIT-000013 | L22: =J22+7 -> 45561 | M22: 45563 | N22: =M22-L22 -> 2 | O22: WF-000241 | P22: B- Incorporate Comments - Proceed | Q22: 46217 | R22: FHD-TRANSMIT-006038 | S22: =Q22+7 -> 46224 | T22: 46229 | U22: =T22-S22 -> 5 | V22: WF-026522 | W22: A - Work May Proceed | X22: 46229 | Y22: FHD-TRANSMIT-006117 | Z22: =X22+7 -> 46236 | AA22: 46233 | AB22: =AA22-Z22 -> -3 | AC22: WF-027178
A23: 730007 | B23: A - Work May Proceed | C23: 02 | D23: 40-730007-4800001272-FHD-CIV-MAT-000012 | E23: 40-730007-4800001272-FHD-CIV-CRS-000012 | F23: 4800001272-FHD-CG - Material Submittal for Concrete Crack Repairing Low Viscosity Injection Resin - Sikadur®-52 LP | G23: Material Submittal | H23: CIV - Civil | I23: B- Incorporate Comments - Proceed | J23: 45554 | K23: FHD-TRANSMIT-000014 | L23: =J23+7 -> 45561 | M23: 45563 | N23: =M23-L23 -> 2 | O23: WF-000242 | P23: A - Work May Proceed | Q23: 46055 | R23: FHD-TRANSMIT-004309 | S23: =Q23+7 -> 46062 | T23: 46056 | U23: =T23-S23 -> -6 | V23: WF-019045
A24: 730007 | B24: Cancelled | C24: 01 | D24: 40-730007-4800001272-FHD-CIV-MAT-000013 | E24: 40-730007-4800001272-FHD-CIV-CRS-000013 | F24: 4800001272-FHD-CG - Material Submittal for Smooth, Unicolour Conductive Epoxy Floor Covering - Sikafloor® MultiDur ES-24 ECF | G24: Material Submittal | H24: CIV - Civil | I24: B- Incorporate Comments - Proceed | J24: 45554 | K24: FHD-TRANSMIT-000015 | L24: =J24+7 -> 45561 | M24: 45563 | N24: =M24-L24 -> 2 | O24: WF-000243 | P24: Cancelled | Q24: 46233 | R24: FHD-TRANSMIT-006157
A25: 730007 | B25: A - Work May Proceed | C25: 03 | D25: 40-730007-4800001272-FHD-CIV-MAT-000014 | E25: 40-730007-4800001272-FHD-CIV-CRS-000014 | F25: 4800001272-FHD-CG - Material Submittal for Polyurethane-Based, Slightly Flexible, Foaming Injection Resin for the Permanent Watertight Sealing of Cracks - Sika® Injection-107 | G25: Material Submittal | H25: CIV - Civil | I25: B- Incorporate Comments - Proceed | J25: 45554 | K25: FHD-TRANSMIT-000016 | L25: =J25+7 -> 45561 | M25: 45563 | N25: =M25-L25 -> 2 | O25: WF-000244 | P25: C - Revise and Resubmit - Do Not Proceed | Q25: 46065 | R25: FHD-TRANSMIT-004452 | S25: =Q25+7 -> 46072 | T25: 46068 | U25: =T25-S25 -> -4 | V25: WF-019625 | W25: A - Work May Proceed | X25: 46116 | Y25: FHD-TRANSMIT-004899 | Z25: =X25+7 -> 46123 | AA25: 46116 | AB25: =AA25-Z25 -> -7 | AC25: WF-021630
A26: 730007 | B26: Cancelled | C26: XX | D26: 40-730007-4800001272-FHD-CIV-MAT-000015 | E26: 40-730007-4800001272-FHD-CIV-CRS-000018 | F26: 4800001272-FHD-CG - Material Submittal for Steel Bars by Rajhi Steel Industries Co. _ Supplier | G26: Material Submittal | H26: CIV - Civil | I26: C - Revise and Resubmit - Do Not Proceed | J26: 45554 | K26: FHD-TRANSMIT-000026 | L26: =J26+7 -> 45561 | M26: 45623 | N26: =M26-L26 -> 62 | O26: WF-000245 | P26: Cancelled | Q26: 45824 | R26: FHD-TRANSMIT-002165
A27: 730007 | B27: Cancelled | C27: XX | D27: 40-730007-4800001272-FHD-CIV-MAT-000016 | E27: 40-730007-4800001272-FHD-CIV-CRS-000019 | F27: 4800001272-FHD-CG - Material Submittal for Bituproof 320 Bituminous Damp Proofing by DCP Saudi Co. _ Supplier | G27: Material Submittal | H27: CIV - Civil | I27: B- Incorporate Comments - Proceed | J27: 45555 | K27: FHD-TRANSMIT-000027 | L27: =J27+7 -> 45562 | M27: 45564 | N27: =M27-L27 -> 2 | O27: WF-000246 | P27: Cancelled | Q27: 46196 | R27: FHD-TRANSMIT-005778 | S27: _ | T27: _ | U27: _ | V27: _
A28: 730007 | B28: Cancelled | C28: XX | D28: 40-730007-4800001272-FHD-CIV-MAT-000017 | E28: 40-730007-4800001272-FHD-CIV-CRS-000020 | F28: 4800001272-FHD-CG - Material Submittal for Flexseal PS660 High Performance two Component Polysulphide by DCP Saudi Co. _ Supplier | G28: Material Submittal | H28: CIV - Civil | I28: B- Incorporate Comments - Proceed | J28: 45555 | K28: FHD-TRANSMIT-000028 | L28: =J28+7 -> 45562 | M28: 45563 | N28: =M28-L28 -> 1 | O28: WF-000247 | P28: Cancelled | Q28: 46196 | R28: FHD-TRANSMIT-005778 | S28: _ | T28: _ | U28: _ | V28: _
A29: 730007 | B29: Cancelled | C29: XX | D29: 40-730007-4800001272-FHD-CIV-MAT-000018 | E29: 40-730007-4800001272-FHD-CIV-CRS-000021 | F29: 4800001272-FHD-CG - Material Submittal for Hydrostop AW PVC Waterstops by DCP Saudi Co. _ Supplier | G29: Material Submittal | H29: CIV - Civil | I29: B- Incorporate Comments - Proceed | J29: 45555 | K29: FHD-TRANSMIT-000029 | L29: =J29+7 -> 45562 | M29: 45561 | N29: =M29-L29 -> -1 | O29: WF-000248 | P29: Cancelled | Q29: 46196 | R29: FHD-TRANSMIT-005778 | S29: _ | T29: _ | U29: _ | V29: _
A30: 730007 | B30: A - Work May Proceed | C30: 02 | D30: 40-730007-4800001272-FHD-CIV-MAT-000019 | E30: 40-730007-4800001272-FHD-CIV-CRS-000022 | F30: 4800001272-FHD-CG - Material Submittal for Polyethylene Rolls Films - Vapor Barrier by Unitech for Building & Construction Materials _ Supplier | G30: Material Submittal | H30: CIV - Civil | I30: B- Incorporate Comments - Proceed | J30: 45555 | K30: FHD-TRANSMIT-000030 | L30: =J30+7 -> 45562 | M30: 45561 | N30: =M30-L30 -> -1 | O30: WF-000249 | P30: A - Work May Proceed | Q30: 46205 | R30: FHD-TRANSMIT-005896 | S30: =Q30+7 -> 46212 | T30: 46215 | U30: =T30-S30 -> 3 | V30: WF-025850
A31: 730007 | B31: Cancelled | C31: XX | D31: 40-730007-4800001272-FHD-CIV-MAT-000020 | E31: 40-730007-4800001272-FHD-CIV-CRS-000023 | F31: 4800001272-FHD-CG - Material Submittal for Keyfix E Epoxy Resin Cartridge System for Anchoring by DCP Saudi Co. _ Supplier | G31: Material Submittal | H31: CIV - Civil | I31: B- Incorporate Comments - Proceed | J31: 45555 | K31: FHD-TRANSMIT-000031 | L31: =J31+7 -> 45562 | M31: 45561 | N31: =M31-L31 -> -1 | O31: WF-000250 | P31: Cancelled | Q31: 46196 | R31: FHD-TRANSMIT-005778 | S31: _ | T31: _ | U31: _ | V31: _
A32: 730007 | B32: Cancelled | C32: XX | D32: 40-730007-4800001272-FHD-CIV-MAT-000021 | E32: 40-730007-4800001272-FHD-CIV-CRS-000024 | F32: 4800001272-FHD-CG - Material Submittal for Setseal AW309 Curing Compound by DCP Saudi Co. _ Supplier | G32: Material Submittal | H32: CIV - Civil | I32: B- Incorporate Comments - Proceed | J32: 45555 | K32: FHD-TRANSMIT-000032 | L32: =J32+7 -> 45562 | M32: 45561 | N32: =M32-L32 -> -1 | O32: WF-000251 | P32: Cancelled | Q32: 46196 | R32: FHD-TRANSMIT-005778 | S32: _ | T32: _ | U32: _ | V32: _
A33: 730007 | B33: A - Work May Proceed | C33: 02 | D33: 40-730007-4800001272-FHD-CIV-MAT-000022 | E33: 40-730007-4800001272-FHD-CIV-CRS-000025 | F33: 4800001272-FHD-CG - Material Submittal for Pest Control (Biflex TC) by Astrachem | G33: Material Submittal | H33: CIV - Civil | I33: B- Incorporate Comments - Proceed | J33: 45556 | K33: FHD-TRANSMIT-000034 | L33: =J33+7 -> 45563 | M33: 45563 | N33: =M33-L33 -> 0 | O33: WF-000252 | P33: A - Work May Proceed | Q33: 46205 | R33: FHD-TRANSMIT-005890 | S33: =Q33+7 -> 46212 | T33: 46215 | U33: =T33-S33 -> 3 | V33: WF-025842
A34: 730007 | B34: A - Work May Proceed | C34: 02 | D34: 40-730007-4800001272-FHD-CIV-MAT-000023 | E34: 40-730007-4800001272-FHD-CIV-CRS-000026 | F34: 4800001272-FHD-CG - Material Submittal for Sabit Plasto SPP Damp Proof Non-Fibrated Bitumen Emulsion & Ultimate Waterproofing Membrane+Protection Sheet by Unitech Isam Kabbani Co. | G34: Material Submittal | H34: CIV - Civil | I34: B- Incorporate Comments - Proceed | J34: 45561 | K34: FHD-TRANSMIT-000072 | L34: =J34+7 -> 45568 | M34: 45564 | N34: =M34-L34 -> -4 | O34: WF-000310 | P34: A - Work May Proceed | Q34: 46203 | R34: FHD-TRANSMIT-005871 | S34: =Q34+7 -> 46210 | T34: 46211 | U34: =T34-S34 -> 1 | V34: WF-026091
A35: 730007 | B35: A - Work May Proceed | C35: 02 | D35: 40-730007-4800001272-FHD-CIV-MAT-000024 | E35: 40-730007-4800001272-FHD-CIV-CRS-000031 | F35: 4800001272-FHD-CG - Material Submittal for Bertlandi SRC & OPC & BHC Cement by Tabuk Cement Company | G35: Material Submittal | H35: CIV - Civil | I35: B- Incorporate Comments - Proceed | J35: 45565 | K35: FHD-TRANSMIT-000094 | L35: =J35+7 -> 45572 | M35: 45567 | N35: =M35-L35 -> -5 | O35: WF-000337 | P35: A - Work May Proceed | Q35: 46204 | R35: FHD-TRANSMIT-005886 | S35: =Q35+7 -> 46211 | T35: 46215 | U35: =T35-S35 -> 4 | V35: WF-025841
A36: 730007 | B36: A - Work May Proceed | C36: 04 | D36: 40-730007-4800001272-FHD-CIV-MAT-000025 | E36: 40-730007-4800001272-FHD-CIV-CRS-000032 | F36: 4800001272-FHD-CG - Material Submittal for Concrete Design Mix For C16 MPA (SRC) by Soliman Bin Saleh Al-Mohileb Co. | G36: Material Submittal | H36: CIV - Civil | I36: B- Incorporate Comments - Proceed | J36: 45577 | K36: FHD-TRANSMIT-000143 | L36: =J36+7 -> 45584 | M36: 45579 | N36: =M36-L36 -> -5 | O36: WF-000453 | P36: B- Incorporate Comments - Proceed | Q36: 45776 | R36: FHD-TRANSMIT-001797 | S36: =Q36+7 -> 45783 | T36: 45784 | U36: =T36-S36 -> 1 | V36: WF-005797 | W36: B- Incorporate Comments - Proceed | X36: 45784 | Y36: FHD-TRANSMIT-001888 | Z36: =X36+7 -> 45791 | AA36: 45790 | AB36: =AA36-Z36 -> -1 | AC36: WF-006140 | AD36: A - Work May Proceed | AE36: 46194 | AF36: FHD-TRANSMIT-005757 | AG36: =AE36+7 -> 46201 | AH36: 46201 | AI36: =AH36-AG36 -> 0 | AJ36: WF-025224
A37: 730007 | B37: Cancelled | C37: XX | D37: 40-730007-4800001272-FHD-CIV-MAT-000026 | E37: 40-730007-4800001272-FHD-CIV-CRS-000033 | F37: 4800001272-FHD-CG - Material Submittal for Concrete Design Mix For C32 Mpa (OPC+65%GGBS + 8%MS) by Soliman Bin Saleh Al-Mohileb Co. | G37: Material Submittal | H37: CIV - Civil | I37: B- Incorporate Comments - Proceed | J37: 45577 | K37: FHD-TRANSMIT-000144 | L37: =J37+7 -> 45584 | M37: 45579 | N37: =M37-L37 -> -5 | O37: WF-000454 | P37: D - Rejected | Q37: 45776 | R37: FHD-TRANSMIT-001799 | S37: =Q37+7 -> 45783 | T37: 45784 | U37: =T37-S37 -> 1 | V37: WF-005798 | W37: Cancelled | X37: 46118 | Y37: FHD-TRANSMIT-004939 | Z37: _ | AA37: _ | AB37: _ | AC37: _
A38: 730007 | B38: Cancelled | C38: XX | D38: 40-730007-4800001272-FHD-CIV-MAT-000027 | E38: 40-730007-4800001272-FHD-CIV-CRS-000034 | F38: 4800001272-FHD-CG - Material Submittal for Concrete Design Mix For C40 Mpa (OPC+65%GGBS + 8%MS) + CI by Soliman Bin Saleh Al-Mohileb Co. | G38: Material Submittal | H38: CIV - Civil | I38: B- Incorporate Comments - Proceed | J38: 45571 | K38: FHD-TRANSMIT-000113 | L38: =J38+7 -> 45578 | M38: 45577 | N38: =M38-L38 -> -1 | O38: WF-000417 | P38: D - Rejected | Q38: 45776 | R38: FHD-TRANSMIT-001801 | S38: =Q38+7 -> 45783 | T38: 45784 | U38: =T38-S38 -> 1 | V38: WF-005799 | W38: Cancelled | X38: 46118 | Y38: FHD-TRANSMIT-004939 | Z38: _ | AA38: _ | AB38: _ | AC38: _
A39: 730007 | B39: A - Work May Proceed | C39: 02 | D39: 40-730007-4800001272-FHD-CIV-MAT-000028 | E39: 40-730007-4800001272-FHD-CIV-CRS-000046 | F39: 4800001272-FHD-CG - Material Submittal for Bitumen Impregnated Filler Board by Unitech for Building & Construction Materials | G39: Material Submittal | H39: CIV - Civil | I39: B- Incorporate Comments - Proceed | J39: 45586 | K39: FHD-TRANSMIT-000217 | L39: =J39+7 -> 45593 | M39: 45592 | N39: =M39-L39 -> -1 | O39: WF-000620 | P39: A - Work May Proceed | Q39: 46218 | S39: =Q39+7 -> 46225 | T39: 46229 | U39: =T39-S39 -> 4 | V39: WF-026523
A40: 730007 | B40: Cancelled | C40: XX | D40: 40-730007-4800001272-FHD-CIV-MAT-000029 | E40: 40-730007-4800001272-FHD-CIV-CRS-000047 | F40: 4800001272-FHD-CG - Material Submittal for Structural Steel Framing by Maani Steel | G40: Material Submittal | H40: CIV - Civil | I40: C - Revise and Resubmit - Do Not Proceed | J40: 45587 | K40: FHD-TRANSMIT-000224 | L40: =J40+7 -> 45594 | M40: 45589 | N40: =M40-L40 -> -5 | O40: WF-000655 | P40: C - Revise and Resubmit - Do Not Proceed | Q40: 45606 | R40: FHD-TRANSMIT-000382 | S40: =Q40+7 -> 45613 | T40: 45615 | U40: =T40-S40 -> 2 | V40: WF-001102 | W40: C - Revise and Resubmit - Do Not Proceed | X40: 45619 | Y40: FHD-TRANSMIT-000489 | Z40: =X40+7 -> 45626 | AA40: 45623 | AB40: =AA40-Z40 -> -3 | AC40: WF-001469 | AD40: Cancelled | AE40: 45824 | AF40: FHD-TRANSMIT-002165
A41: 730007 | B41: A - Work May Proceed | C41: 02 | D41: 40-730007-4800001272-FHD-CIV-MAT-000030 | E41: 40-730007-4800001272-FHD-CIV-CRS-000050 | F41: 4800001272-FHD-CG - Material Submittal for Cover Spacers Support by Isam Kabbani and Partners for Building and Construction Material | G41: Material Submittal | H41: CIV - Civil | I41: B- Incorporate Comments - Proceed | J41: 45589 | K41: FHD-TRANSMIT-000243 | L41: =J41+7 -> 45596 | M41: 45592 | N41: =M41-L41 -> -4 | O41: WF-000690 | P41: A - Work May Proceed | Q41: 46204 | R41: FHD-TRANSMIT-005884 | S41: =Q41+7 -> 46211 | T41: 46212 | U41: =T41-S41 -> 1 | V41: WF-025838
A42: 730007 | B42: A - Work May Proceed | C42: 01 | D42: 40-730007-4800001272-FHD-CIV-MAT-000031 | E42: 40-730007-4800001272-FHD-CIV-CRS-000053 | F42: 4800001272-FHD-CG - Material Submittal for Sika Igasol® Emulsion BA Rubberized Bituminous Waterproofing Emulsion by Color Diversity Decoration Co. | G42: Material Submittal | H42: CIV - Civil | I42: A - Work May Proceed | J42: 45600 | K42: FHD-TRANSMIT-000330 | L42: =J42+7 -> 45607 | M42: 45607 | N42: =M42-L42 -> 0 | O42: WF-000932
A43: 730007 | B43: A - Work May Proceed | C43: 01 | D43: 40-730007-4800001272-FHD-CIV-MAT-000032 | E43: 40-730007-4800001272-FHD-CIV-CRS-000054 | F43: 4800001272-FHD-CG - Material Submittal for Nitoproof 30 (Rubberised Bitumen Emulsion) by Fosam Company Limited | G43: Material Submittal | H43: CIV - Civil | I43: A - Work May Proceed | J43: 45602 | K43: FHD-TRANSMIT-000349 | L43: =J43+7 -> 45609 | M43: 45607 | N43: =M43-L43 -> -2 | O43: WF-000982
A44: 730007 | B44: A - Work May Proceed | C44: 02 | D44: 40-730007-4800001272-FHD-CIV-MAT-000033 | E44: 40-730007-4800001272-FHD-CIV-CRS-000056 | F44: 4800001272-FHD-CG - Material Submittal for Anchor Bolts by Masdar Technical Service Co. | G44: Material Submittal | H44: CIV - Civil | I44: B- Incorporate Comments - Proceed | J44: 45603 | K44: FHD-TRANSMIT-000359 | L44: =J44+7 -> 45610 | M44: 45610 | N44: =M44-L44 -> 0 | O44: WF-001023 | P44: A - Work May Proceed | Q44: 46211 | R44: FHD-TRANSMIT-005964 | S44: =Q44+7 -> 46218 | T44: 46225 | U44: =T44-S44 -> 7 | V44: WF-026200
A45: 730007 | B45: A - Work May Proceed | C45: 01 | D45: 40-730007-4800001272-FHD-CIV-MAT-000034 | E45: 40-730007-4800001272-FHD-CIV-CRS-000057 | F45: 4800001272-FHD-CG - Material Submittal for Geotextiles by Terram Geosynthetics Ltd- UNITECH | G45: Material Submittal | H45: CIV - Civil | I45: A - Work May Proceed | J45: 45603 | K45: FHD-TRANSMIT-000360 | L45: =J45+7 -> 45610 | M45: 45612 | N45: =M45-L45 -> 2 | O45: WF-001024
A46: 730007 | B46: B- Incorporate Comments - Proceed | C46: 01 | D46: 40-730007-4800001272-FHD-CIV-MAT-000035 | E46: 40-730007-4800001272-FHD-CIV-CRS-000058 | F46: 4800001272-FHD-CG - Material Submittal for Salt Barrier SB4-D285 (Geotextile) By ALYAF | G46: Material Submittal | H46: CIV - Civil | I46: B- Incorporate Comments - Proceed | J46: 45603 | K46: FHD-TRANSMIT-000363 | L46: =J46+7 -> 45610 | M46: 45613 | N46: =M46-L46 -> 3 | O46: WF-001045
A47: 730007 | B47: B- Incorporate Comments - Proceed | C47: 02 | D47: 40-730007-4800001272-FHD-CIV-MAT-000036 | E47: 40-730007-4800001272-FHD-CIV-CRS-000061 | F47: 4800001272-FHD-CG - Material Submittal for Steel Floor Decking By Maani Steel | G47: Material Submittal | H47: CIV - Civil | I47: C - Revise and Resubmit - Do Not Proceed | J47: 45619 | K47: FHD-TRANSMIT-000490 | L47: =J47+7 -> 45626 | M47: 45627 | N47: =M47-L47 -> 1 | O47: WF-001489 | P47: B- Incorporate Comments - Proceed | Q47: 45686 | R47: FHD-TRANSMIT-001143 | S47: =Q47+7 -> 45693 | T47: 45691 | U47: =T47-S47 -> -2 | V47: WF-002900
A48: 730007 | B48: B- Incorporate Comments - Proceed | C48: 02 | D48: 40-730007-4800001272-FHD-CIV-MAT-000037 | E48: 40-730007-4800001272-FHD-CIV-CRS-000063 | F48: 4800001272-FHD-CG - Material Submittal for Primer Paint for Steel Structure By Modern Paints - AkzoNobe | G48: Material Submittal | H48: CIV - Civil | I48: B- Incorporate Comments - Proceed | J48: 45624 | K48: FHD-TRANSMIT-000563 | L48: =J48+7 -> 45631 | M48: 45634 | N48: =M48-L48 -> 3 | O48: WF-001632 | P48: B- Incorporate Comments - Proceed | Q48: 45760 | R48: FHD-TRANSMIT-001676 | S48: =Q48+7 -> 45767 | T48: 45767 | U48: =T48-S48 -> 0 | V48: WF-005217
A49: 730007 | B49: Cancelled | C49: XX | D49: 40-730007-4800001272-FHD-CIV-MAT-000038 | E49: 40-730007-4800001272-FHD-CIV-CRS-000064 | F49: 4800001272-FHD-CG - Material Submittal for Sabit Insutherm Extruded Polystyrene sabit Selfado sabit Plasto - SPP By Unitech - SABIT | G49: Material Submittal | H49: CIV - Civil | I49: C - Revise and Resubmit - Do Not Proceed | J49: 45625 | K49: FHD-TRANSMIT-000568 | L49: =J49+7 -> 45632 | M49: 45634 | N49: =M49-L49 -> 2 | O49: WF-001633 | P49: Cancelled | Q49: 46196 | R49: FHD-TRANSMIT-005778 | S49: _ | T49: _ | U49: _ | V49: _
A50: 730007 | B50: B- Incorporate Comments - Proceed | C50: 03 | D50: 40-730007-4800001272-FHD-CIV-MAT-000039 | E50: 40-730007-4800001272-FHD-CIV-CRS-000065 | F50: 4800001272-FHD-CG - Material Submittal for ClearVu 44 High Security Fence By Cochrane Gulf FZE- Cochrane | G50: Material Submittal | H50: CIV - Civil | I50: C - Revise and Resubmit - Do Not Proceed | J50: 45625 | K50: FHD-TRANSMIT-000569 | L50: =J50+7 -> 45632 | M50: 45697 | N50: =M50-L50 -> 65 | O50: WF-003121 | P50: C - Revise and Resubmit - Do Not Proceed | Q50: 45700 | R50: FHD-TRANSMIT-001265 | S50: =Q50+7 -> 45707 | T50: 45703 | U50: =T50-S50 -> -4 | V50: WF-003308 | W50: B- Incorporate Comments - Proceed | X50: 45955 | Y50: FHD-TRANSMIT-003220 | Z50: =X50+7 -> 45962 | AA50: 45965 | AB50: =AA50-Z50 -> 3 | AC50: WF-014322
A51: 730007 | B51: Cancelled | C51: XX | D51: 40-730007-4800001272-FHD-CIV-MAT-000040 | E51: 40-730007-4800001272-FHD-CIV-CRS-000067 | F51: 4800001272-FHD-CG - Material Submittal for Primer Paint for Steel Structure By Jotun Group | G51: Material Submittal | H51: CIV - Civil | I51: C - Revise and Resubmit - Do Not Proceed | J51: 45629 | K51: FHD-TRANSMIT-000609 | L51: =J51+7 -> 45636 | M51: 45643 | N51: =M51-L51 -> 7 | O51: WF-001783 | P51: C - Revise and Resubmit - Do Not Proceed | Q51: 45666 | R51: FHD-TRANSMIT-000961 | S51: =Q51+7 -> 45673 | T51: 45678 | U51: =T51-S51 -> 5 | V51: WF-002535 | W51: Cancelled | X51: 45824 | Y51: FHD-TRANSMIT-002165 | Z51: =X51+7 -> 45831
A52: 730007 | B52: A - Work May Proceed | C52: 02 | D52: 40-730007-4800001272-FHD-CIV-MAT-000041 | E52: 40-730007-4800001272-FHD-CIV-CRS-000068 | F52: 4800001272-FHD-CG - Material Submittal for RCC Pipes for Storm Network by Building Control Company | G52: Material Submittal | H52: CIV - Civil | I52: B- Incorporate Comments - Proceed | J52: 45631 | K52: FHD-TRANSMIT-000640 | L52: =J52+7 -> 45638 | M52: 45641 | N52: =M52-L52 -> 3 | O52: WF-001874 | P52: A - Work May Proceed | Q52: 45712 | R52: FHD-TRANSMIT-001373 | S52: =Q52+7 -> 45719 | T52: 45717 | U52: =T52-S52 -> -2 | V52: WF-003662
A53: 730007 | B53: A - Work May Proceed | C53: 03 | D53: 40-730007-4800001272-FHD-CIV-MAT-000042 | E53: 40-730007-4800001272-FHD-CIV-CRS-000069 | F53: 4800001272-FHD-CG - Material Submittal for Grade 80 Steel Bars by Red Sea Steel Company | G53: Material Submittal | H53: CIV - Civil | I53: B- Incorporate Comments - Proceed | J53: 45631 | K53: FHD-TRANSMIT-000639 | L53: =J53+7 -> 45638 | M53: 45635 | N53: =M53-L53 -> -3 | O53: WF-001826 | P53: B- Incorporate Comments - Proceed | Q53: 45638 | R53: FHD-TRANSMIT-000701 | S53: =Q53+7 -> 45645 | T53: 45641 | U53: =T53-S53 -> -4 | V53: WF-001996 | W53: A - Work May Proceed | X53: 45860 | Y53: FHD-TRANSMIT-002437 | Z53: =X53+7 -> 45867 | AA53: 45865 | AB53: =AA53-Z53 -> -2 | AC53: WF-010200
A54: 730007 | B54: Cancelled | C54: XX | D54: 40-730007-4800001272-FHD-CIV-MAT-000043 | E54: 40-730007-4800001272-FHD-CIV-CRS-000071 | F54: 4800001272-FHD-CG - Material Submittal for Steel Reinforcement By Al-Shared Steel | G54: Material Submittal | H54: CIV - Civil | I54: Cancelled | J54: 46152 | K54: FHD-TRANSMIT-005391 | L54: _ | M54: _ | N54: _ | O54: _
A55: 730007 | B55: Cancelled | C55: XX | D55: 40-730007-4800001272-FHD-CIV-MAT-000044 | E55: 40-730007-4800001272-FHD-CIV-CRS-000073 | F55: 4800001272-FHD-CG - Material Submittal for Concrete Design Mix For C16 MPA (SRC) Screed by Soliman Bin Saleh Al-Mohileb Co. | G55: Material Submittal | H55: CIV - Civil | I55: B- Incorporate Comments - Proceed | J55: 45643 | K55: FHD-TRANSMIT-000746 | L55: =J55+7 -> 45650 | M55: 45643 | N55: =M55-L55 -> -7 | O55: WF-002118 | P55: Cancelled | Q55: 46118 | R55: FHD-TRANSMIT-004939 | S55: _ | T55: _ | U55: _ | V55: _
A56: 730007 | B56: A - Work May Proceed | C56: 02 | D56: 40-730007-4800001272-FHD-CIV-MAT-000045 | E56: 40-730007-4800001272-FHD-CIV-CRS-000074 | F56: 4800001272-FHD-CG - Material Submittal for PVC WATER STOP By Unitech | G56: Material Submittal | H56: CIV - Civil | I56: B- Incorporate Comments - Proceed | J56: 45643 | K56: FHD-TRANSMIT-000754 | L56: =J56+7 -> 45650 | M56: 45648 | N56: =M56-L56 -> -2 | O56: WF-002156 | P56: A - Work May Proceed | Q56: 45718 | R56: FHD-TRANSMIT-001403 | S56: =Q56+7 -> 45725 | T56: 45721 | U56: =T56-S56 -> -4 | V56: WF-003896
A57: 730007 | B57: Cancelled | C57: XX | D57: 40-730007-4800001272-FHD-CIV-MAT-000046 | E57: 40-730007-4800001272-FHD-CIV-CRS-000075 | F57: 4800001272-FHD-CG - Material Submittal for Concrete C16 MPA OPC GGBFS By Saudi Ready Mix | G57: Material Submittal | H57: CIV - Civil | I57: C - Revise and Resubmit - Do Not Proceed | J57: 45651 | K57: FHD-TRANSMIT-000827 | L57: =J57+7 -> 45658 | M57: 45659 | N57: =M57-L57 -> 1 | O57: WF-002319 | P57: Cancelled | Q57: 45824 | R57: FHD-TRANSMIT-002165
A58: 730007 | B58: Cancelled | C58: XX | D58: 40-730007-4800001272-FHD-CIV-MAT-000047 | E58: 40-730007-4800001272-FHD-CIV-CRS-000076 | F58: 4800001272-FHD-CG - Material Submittal for Concrete C16 MPA OPC Screed GGBFS By Saudi Ready Mix | G58: Material Submittal | H58: CIV - Civil | I58: C - Revise and Resubmit - Do Not Proceed | J58: 45651 | K58: FHD-TRANSMIT-000828 | L58: =J58+7 -> 45658 | M58: 45659 | N58: =M58-L58 -> 1 | O58: WF-002320 | P58: Cancelled | Q58: 45824 | R58: FHD-TRANSMIT-002165
A59: 730007 | B59: Cancelled | C59: XX | D59: 40-730007-4800001272-FHD-CIV-MAT-000048 | E59: 40-730007-4800001272-FHD-CIV-CRS-000077 | F59: 4800001272-FHD-CG - Material Submittal for Concrete C32 MPA OPC GGBFS By Saudi Ready Mix | G59: Material Submittal | H59: CIV - Civil | I59: C - Revise and Resubmit - Do Not Proceed | J59: 45651 | K59: FHD-TRANSMIT-000830 | L59: =J59+7 -> 45658 | M59: 45659 | N59: =M59-L59 -> 1 | O59: WF-002321 | P59: B- Incorporate Comments - Proceed | Q59: 45670 | R59: FHD-TRANSMIT-000996 | S59: =Q59+7 -> 45677 | T59: 45673 | U59: =T59-S59 -> -4 | V59: WF-002589 | W59: B- Incorporate Comments - Proceed | X59: 45695 | Y59: FHD-TRANSMIT-001222 | Z59: =X59+7 -> 45702 | AA59: 45699 | AB59: =AA59-Z59 -> -3 | AC59: WF-003093 | AD59: Cancelled | AE59: 46118 | AF59: FHD-TRANSMIT-004939 | AG59: _ | AH59: _ | AI59: _ | AJ59: _
A60: 000000 | B60: Cancelled | C60: XX | D60: 40-730007-4800001272-FHD-CIV-MAT-000049 | E60: 40-730007-4800001272-FHD-CIV-CRS-000078 | F60: 4800001272-FHD-CG - Material Submittal for Concrete C40 MPA OPC GGBFS By Saudi Ready Mix | G60: Material Submittal | H60: CIV - Civil | I60: C - Revise and Resubmit - Do Not Proceed | J60: 45651 | K60: FHD-TRANSMIT-000831 | L60: =J60+7 -> 45658 | M60: 45659 | N60: =M60-L60 -> 1 | O60: WF-002322 | P60: B- Incorporate Comments - Proceed | Q60: 45670 | R60: FHD-TRANSMIT-000997 | S60: =Q60+7 -> 45677 | T60: 45673 | U60: =T60-S60 -> -4 | V60: WF-002590 | W60: B- Incorporate Comments - Proceed | X60: 45695 | Y60: FHD-TRANSMIT-001223 | Z60: =X60+7 -> 45702 | AA60: 45700 | AB60: =AA60-Z60 -> -2 | AC60: WF-003094 | AD60: Cancelled | AE60: 46118 | AF60: FHD-TRANSMIT-004939 | AG60: _ | AH60: _ | AI60: _ | AJ60: _
A61: 000000 | B61: A - Work May Proceed | C61: 03 | D61: 40-730007-4800001272-FHD-CIV-MAT-000050 | E61: 40-730007-4800001272-FHD-CIV-CRS-000089 | F61: 4800001272-FHD-CG - Material Submittal for Fischer FIS EM for Anchoring Steel Bars By Fischer | G61: Material Submittal | H61: CIV - Civil | I61: C - Revise and Resubmit - Do Not Proceed | J61: 45681 | K61: FHD-TRANSMIT-001094 | L61: =J61+7 -> 45688 | M61: 45685 | N61: =M61-L61 -> -3 | O61: WF-002797 | P61: B- Incorporate Comments - Proceed | Q61: 45685 | R61: FHD-TRANSMIT-001127 | S61: =Q61+7 -> 45692 | T61: 45686 | U61: =T61-S61 -> -6 | V61: WF-002856 | W61: A - Work May Proceed | X61: 46204 | Y61: FHD-TRANSMIT-005885 | Z61: =X61+7 -> 46211 | AA61: 46215 | AB61: =AA61-Z61 -> 4 | AC61: WF-025840
A62: 000000 | B62: Cancelled | C62: XX | D62: 40-730007-4800001272-FHD-CIV-MAT-000051 | E62: 40-730007-4800001272-FHD-CIV-CRS-000094 | F62: 4800001272-FHD-CG - Material Submittal for Sika AnchorFix®-2+Tropical for Anchoring Steel Bars By Sika | G62: Material Submittal | H62: CIV - Civil | I62: C - Revise and Resubmit - Do Not Proceed | J62: 45684 | K62: FHD-TRANSMIT-001119 | L62: =J62+7 -> 45691 | M62: 45692 | N62: =M62-L62 -> 1 | O62: WF-002868 | P62: Cancelled | Q62: 45824 | R62: FHD-TRANSMIT-002165 | S62: _ | T62: _ | U62: _ | V62: _
A63: 000000 | B63: A - Work May Proceed | C63: 02 | D63: 40-730007-4800001272-FHD-CIV-MAT-000052 | E63: 40-730007-4800001272-FHD-CIV-CRS-000098 | F63: 4800001272-FHD-CG - Material Submittal for SikaRep® Fine SA for Concrete Repairing By Sika | G63: Material Submittal | H63: CIV - Civil | I63: B- Incorporate Comments - Proceed | J63: 45689 | K63: FHD-TRANSMIT-001166 | L63: =J63+7 -> 45696 | M63: 45692 | N63: =M63-L63 -> -4 | O63: WF-002949 | P63: A - Work May Proceed | Q63: 46195 | R63: FHD-TRANSMIT-005769 | S63: =Q63+7 -> 46202 | T63: 46201 | U63: =T63-S63 -> -1 | V63: WF-025283
A64: 000000 | B64: A - Work May Proceed | C64: 05 | D64: 40-730007-4800001272-FHD-CIV-MAT-000053 | E64: 40-730007-4800001272-FHD-CIV-CRS-000103 | F64: 4800001272-FHD-CG - Material Submittal for Concrete Design Mix for C40 (27%OPC + 65%GGBFS + 8%MS) 2 Hours (200±40mm) for Superstructure Purpose By Soliman Bin Saleh Al-Mohileb Co. | G64: Material Submittal | H64: CIV - Civil | I64: B- Incorporate Comments - Proceed | J64: 45695 | K64: FHD-TRANSMIT-001226 | L64: =J64+7 -> 45702 | M64: 45701 | N64: =M64-L64 -> -1 | O64: WF-003097 | P64: B- Incorporate Comments - Proceed | Q64: 45714 | R64: FHD-TRANSMIT-001390 | S64: =Q64+7 -> 45721 | T64: 45717 | U64: =T64-S64 -> -4 | V64: WF-003757 | W64: B- Incorporate Comments - Proceed | X64: 45760 | Y64: FHD-TRANSMIT-001669 | Z64: =X64+7 -> 45767 | AA64: 45762 | AB64: =AA64-Z64 -> -5 | AC64: WF-005214 | AD64: B- Incorporate Comments - Proceed | AE64: 46194 | AF64: FHD-TRANSMIT-005755 | AG64: =AE64+7 -> 46201 | AH64: 46201 | AI64: =AH64-AG64 -> 0 | AJ64: WF-025225 | AK64: A - Work May Proceed | AL64: 46209 | AM64: FHD-TRANSMIT-005939 | AN64: =AL64+7 -> 46216 | AO64: 46221 | AP64: =AO64-AN64 -> 5 | AQ64: WF-026069
A65: 000000 | B65: Cancelled | C65: XX | D65: 40-730007-4800001272-FHD-CIV-MAT-000054 | E65: 40-730007-4800001272-FHD-CIV-CRS-000111 | F65: 4800001272-FHD-CG - Material Submittal for Sikaseal®250 Migrating By SIKA | G65: Material Submittal | H65: CIV - Civil | I65: C - Revise and Resubmit - Do Not Proceed | J65: 45742 | K65: FHD-TRANSMIT-001603 | L65: =J65+7 -> 45749 | M65: 45760 | N65: =M65-L65 -> 11 | O65: WF-004869 | P65: Cancelled | Q65: 46196 | R65: FHD-TRANSMIT-005778 | S65: _ | T65: _ | U65: _ | V65: _
A66: 000000 | B66: A - Work May Proceed | C66: 02 | D66: 40-730007-4800001272-FHD-CIV-MAT-000055 | E66: 40-730007-4800001272-FHD-CIV-CRS-000112 | F66: 4800001272-FHD-CG - Material Submittal for Sand By Mashail Al-Atwi | G66: Material Submittal | H66: CIV - Civil | I66: B- Incorporate Comments - Proceed | J66: 45770 | K66: FHD-TRANSMIT-001756 | L66: =J66+7 -> 45777 | M66: 45776 | N66: =M66-L66 -> -1 | O66: WF-005594 | P66: A - Work May Proceed | Q66: 46215 | R66: FHD-TRANSMIT-006005 | S66: =Q66+7 -> 46222 | T66: 46226 | U66: =T66-S66 -> 4 | V66: WF-026372
A67: 000000 | B67: A - Work May Proceed | C67: 03 | D67: 40-730007-4800001272-FHD-CIV-MAT-000056 | E67: 40-730007-4800001272-FHD-CIV-CRS-000116 | F67: 4800001272-FHD-CG - Material Submittal for PVC Water Stop for Construction Joints By Unitech | G67: Material Submittal | H67: CIV - Civil | I67: C - Revise and Resubmit - Do Not Proceed | J67: 45778 | K67: FHD-TRANSMIT-001832 | L67: =J67+7 -> 45785 | M67: 45783 | N67: =M67-L67 -> -2 | O67: WF-005953 | P67: B- Incorporate Comments - Proceed | Q67: 45784 | R67: FHD-TRANSMIT-001887 | S67: =Q67+7 -> 45791 | T67: 45788 | U67: =T67-S67 -> -3 | V67: WF-006141 | W67: A - Work May Proceed | X67: 46202 | Y67: FHD-TRANSMIT-005848 | Z67: =X67+7 -> 46209 | AA67: 46208 | AB67: =AA67-Z67 -> -1 | AC67: WF-025546
A68: 000000 | B68: A - Work May Proceed | C68: 02 | D68: 40-000000-4800001272-FHD-CIV-MAT-000001 | E68: 40-000000-4800001272-FHD-CIV-CRS-000001 | F68: 4800001272-FHD-CG - Material Submittal for Foam Backing Rods By Unitech | G68: Material Submittal | H68: CIV - Civil | I68: B- Incorporate Comments - Proceed | J68: 45789 | K68: FHD-TRANSMIT-001920 | L68: =J68+7 -> 45796 | M68: 45797 | N68: =M68-L68 -> 1 | O68: WF-006341 | P68: A - Work May Proceed | Q68: 46200 | R68: FHD-TRANSMIT-005826 | S68: =Q68+7 -> 46207 | T68: 46201 | U68: =T68-S68 -> -6 | V68: WF-025498
A69: 000000 | B69: Cancelled | C69: XX | D69: 40-000000-4800001272-FHD-CIV-MAT-000002 | E69: 40-000000-4800001272-FHD-CIV-CRS-000002 | F69: 4800001272-FHD-CG - Material Submittal for Expansion Joints By Ankara Teknik Co | G69: Material Submittal | H69: CIV - Civil | I69: D - Rejected | J69: 45852 | K69: FHD-TRANSMIT-002044 | L69: 45804 | M69: 45811 | N69: =M69-L69 -> 7 | O69: WF-007088 | P69: D - Rejected | Q69: 45852 | R69: FHD-TRANSMIT-002361 | S69: =Q69+7 -> 45859 | T69: 45858 | U69: =T69-S69 -> -1 | V69: WF-009735 | W69: Cancelled | X69: 46196 | Y69: FHD-TRANSMIT-005775 | Z69: _ | AA69: _ | AB69: _ | AC69: _
A70: 000000 | B70: B- Incorporate Comments - Proceed | C70: 04 | D70: 40-000000-4800001272-FHD-CIV-MAT-000003 | E70: 40-000000-4800001272-FHD-CIV-CRS-000003 | F70: 4800001272-FHD-CG - Material Submittal for Concrete Design Mix for C40(27%OPC + 65%GGBFS +8%MS) (B) Pile caps) by AL IMTYAZ ALWATANIA | G70: Material Submittal | H70: CIV - Civil | I70: C - Revise and Resubmit - Do Not Proceed | J70: 45854 | K70: FHD-TRANSMIT-002376 | L70: =J70+7 -> 45861 | M70: 45855 | N70: =M70-L70 -> -6 | O70: WF-009841 | P70: B- Incorporate Comments - Proceed | Q70: 45860 | R70: FHD-TRANSMIT-002434 | S70: =Q70+7 -> 45867 | T70: 45861 | U70: =T70-S70 -> -6 | V70: WF-010178 | W70: B- Incorporate Comments - Proceed | X70: 45872 | Y70: FHD-TRANSMIT-002529 | Z70: =X70+7 -> 45879 | AA70: 45880 | AB70: =AA70-Z70 -> 1 | AC70: WF-011011 | AD70: B- Incorporate Comments - Proceed | AE70: 46195 | AF70: FHD-TRANSMIT-005766 | AG70: =AE70+7 -> 46202 | AH70: 46204 | AI70: =AH70-AG70 -> 2 | AJ70: WF-025276
A71: 000000 | B71: A - Work May Proceed | C71: 03 | D71: 40-000000-4800001272-FHD-CIV-MAT-000004 | E71: 40-000000-4800001272-FHD-CIV-CRS-000004 | F71: 4800001272-FHD-CG - 4800001272-FHD-CG - Material Submittal for1mm thick Steel Floor Decking By Maani Steel (AGIS) | G71: Material Submittal | H71: CIV - Civil | I71: C - Revise and Resubmit - Do Not Proceed | J71: 45873 | K71: FHD-TRANSMIT-002534 | L71: =J71+7 -> 45880 | M71: 45880 | N71: =M71-L71 -> 0 | O71: WF-011015 | P71: B- Incorporate Comments - Proceed | Q71: 45882 | R71: FHD-TRANSMIT-002603 | S71: =Q71+7 -> 45889 | T71: 45889 | U71: =T71-S71 -> 0 | V71: WF-011479 | W71: A - Work May Proceed | X71: 46230 | Y71: FHD-TRANSMIT-006129 | Z71: =X71+7 -> 46237 | AA71: 46232 | AB71: =AA71-Z71 -> -5 | AC71: WF-027237
A72: 000000 | B72: Cancelled | C72: XX | D72: 40-000000-4800001272-FHD-CIV-MAT-000005 | E72: 40-000000-4800001272-FHD-CIV-CRS-000005 | F72: 4800001272-FHD-CG - Material Submittal for Sika 107 Injection By Sika | G72: Material Submittal | H72: CIV - Civil | I72: C - Revise and Resubmit - Do Not Proceed | J72: 45894 | K72: FHD-TRANSMIT-002715 | L72: =J72+7 -> 45901 | M72: 45899 | N72: =M72-L72 -> -2 | O72: WF-011995 | P72: Cancelled | Q72: 46118 | R72: FHD-TRANSMIT-004939 | S72: _ | T72: _ | U72: _ | V72: _
A73: 000000 | B73: A - Work May Proceed | C73: 01 | D73: 40-000000-4800001272-FHD-CIV-MAT-000006 | E73: 40-000000-4800001272-FHD-CIV-CRS-000006 | F73: 4800001272-FHD-CG - Material Submittal for Retarder (Sika Antisol-111) By Sika | G73: Material Submittal | H73: CIV - Civil | I73: A - Work May Proceed | J73: 45894 | K73: FHD-TRANSMIT-002716 | L73: =J73+7 -> 45901 | M73: 45895 | N73: =M73-L73 -> -6 | O73: WF-011998
A74: 000000 | B74: A - Work May Proceed | C74: 05 | D74: 40-000000-4800001272-FHD-CIV-MAT-000007 | E74: 40-000000-4800001272-FHD-CIV-CRS-000007 | F74: 4800001272-FHD-CG - Material Submittal for Blinding Concrete Mix Design C16/20 MPA SRC By Al Imtyaz Alwatania | G74: Material Submittal | H74: CIV - Civil | I74: B- Incorporate Comments - Proceed | J74: 45900 | K74: FHD-TRANSMIT-002764 | L74: =J74+7 -> 45907 | M74: 45904 | N74: =M74-L74 -> -3 | O74: WF-012296 | P74: B- Incorporate Comments - Proceed | Q74: 45921 | R74: FHD-TRANSMIT-002930 | S74: =Q74+7 -> 45928 | T74: 45927 | U74: =T74-S74 -> -1 | V74: WF-013081 | W74: B- Incorporate Comments - Proceed | X74: 45936 | Y74: FHD-TRANSMIT-003058 | Z74: =X74+7 -> 45943 | AA74: 45942 | AB74: =AA74-Z74 -> -1 | AC74: WF-013618 | AD74: B- Incorporate Comments - Proceed | AE74: 46195 | AF74: FHD-TRANSMIT-005762 | AG74: =AE74+7 -> 46202 | AH74: 46204 | AI74: =AH74-AG74 -> 2 | AJ74: WF-025277 | AK74: A - Work May Proceed | AL74: 46209 | AM74: FHD-TRANSMIT-005938 | AN74: =AL74+7 -> 46216 | AO74: 46216 | AP74: =AO74-AN74 -> 0 | AQ74: WF-026064
A75: 000000 | B75: Cancelled | C75: XX | D75: 40-000000-4800001272-FHD-CIV-MAT-000008 | E75: 40-000000-4800001272-FHD-CIV-CRS-000008 | F75: 4800001272-FHD-CG - Material Submittal for Vetorep CR520 Vetorep CR523 Vetobond PB434 By Saudi Vetonit Co. Ltd. SAVETO | G75: Material Submittal | H75: CIV - Civil | I75: C - Revise and Resubmit - Do Not Proceed | J75: 45927 | K75: FHD-TRANSMIT-002983 | L75: =J75+7 -> 45934 | M75: 45936 | N75: =M75-L75 -> 2 | O75: WF-013236 | P75: Cancelled | Q75: 46233 | R75: FHD-TRANSMIT-006157
A76: 000000 | B76: Cancelled | C76: XX | D76: 40-000000-4800001272-FHD-CIV-MAT-000009 | E76: 40-000000-4800001272-FHD-CIV-CRS-000009 | F76: 4800001272-FHD-CG - Material Submittal for Concrete Mix Design For pavement construction Class C35/45 By AL IMTYAZ ALWATANIA | G76: Material Submittal | H76: CIV - Civil | I76: Terminated | J76: 45965 | K76: FHD-TRANSMIT-003343 | L76: =J76+7 -> 45972 | M76: _ | N76: _ | O76: WF-014705 | P76: Cancelled | Q76: 46096 | R76: FHD-TRANSMIT-004710 | S76: _ | T76: _ | U76: _ | V76: _
A77: 000000 | B77: A - Work May Proceed | C77: 02 | D77: 40-000000-4800001272-FHD-CIV-MAT-000010 | E77: 40-000000-4800001272-FHD-CIV-CRS-000010 | F77: 4800001272-FHD-CG - Material Submittal for CEBEX 100 Plasticised by Fosroc | G77: Material Submittal | H77: CIV - Civil | I77: C - Revise and Resubmit - Do Not Proceed | J77: 45973 | K77: FHD-TRANSMIT-003444 | L77: =J77+7 -> 45980 | M77: 45980 | N77: =M77-L77 -> 0 | O77: WF-015076 | P77: A - Work May Proceed | Q77: 45981 | R77: FHD-TRANSMIT-003575 | S77: =Q77+7 -> 45988 | T77: 45998 | U77: =T77-S77 -> 10
A78: 000000 | B78: Cancelled | C78: XX | D78: 40-000000-4800001272-FHD-CIV-MAT-000011 | E78: 40-000000-4800001272-FHD-CIV-CRS-000011 | F78: 4800001272-FHD-CG - Material Submittal for Conbextra (General purpose non-shrink cementitious grout) by Fosroc company | G78: Material Submittal | H78: CIV - Civil | I78: B- Incorporate Comments - Proceed | J78: 45973 | K78: FHD-TRANSMIT-003445 | L78: =J78+7 -> 45980 | M78: 45980 | N78: =M78-L78 -> 0 | O78: WF-015077 | P78: Cancelled | Q78: 46196 | R78: FHD-TRANSMIT-005775 | S78: _ | T78: _ | U78: _ | V78: _
A79: 000000 | B79: B- Incorporate Comments - Proceed | C79: 01 | D79: 40-000000-4800001272-FHD-CIV-MAT-000012 | E79: 40-000000-4800001272-FHD-CIV-CRS-000012 | F79: 4800001272-FHD-CG - Material Submittal for Steel Structure Framing For Solar Panels by MAANI Co | G79: Material Submittal | H79: CIV - Civil | I79: B- Incorporate Comments - Proceed | J79: 45974 | K79: FHD-TRANSMIT-003469 | L79: =J79+7 -> 45981 | M79: 45984 | N79: =M79-L79 -> 3 | O79: WF-015081
A80: 000000 | B80: A - Work May Proceed | C80: 03 | D80: 40-000000-4800001272-FHD-CIV-MAT-000013 | E80: 40-000000-4800001272-FHD-CIV-CRS-000013 | F80: 4800001272-FHD-CG - Material Submittal for SikaTop Armatec 110 Epocem By Sika Co. | G80: Material Submittal | H80: CIV - Civil | I80: C - Revise and Resubmit - Do Not Proceed | J80: 45979 | K80: FHD-TRANSMIT-003539 | L80: =J80+7 -> 45986 | M80: 45987 | N80: =M80-L80 -> 1 | O80: WF-015281 | P80: B- Incorporate Comments - Proceed | Q80: 45987 | R80: FHD-TRANSMIT-003628 | S80: =Q80+7 -> 45994 | T80: 45997 | U80: =T80-S80 -> 3 | V80: WF-015785 | W80: A - Work May Proceed | X80: 46202 | Y80: FHD-TRANSMIT-005849 | Z80: =X80+7 -> 46209 | AA80: 46208 | AB80: =AA80-Z80 -> -1 | AC80: WF-025547
A81: 000000 | B81: A - Work May Proceed | C81: 02 | D81: 40-000000-4800001272-FHD-CIV-MAT-000014 | E81: 40-000000-4800001272-FHD-CIV-CRS-000014 | F81: 4800001272-FHD-CG - Material Submittal for Anchors for Access hatches By Al-Najof Co. (Hilti) | G81: Material Submittal | H81: CIV - Civil | I81: B- Incorporate Comments - Proceed | J81: 45980 | K81: FHD-TRANSMIT-003563 | L81: =J81+7 -> 45987 | M81: 45987 | N81: =M81-L81 -> 0 | O81: WF-015439 | P81: A - Work May Proceed | Q81: 45990 | R81: FHD-TRANSMIT-003653 | S81: =Q81+7 -> 45997 | T81: 45995 | U81: =T81-S81 -> -2 | V81: WF-015963
A82: 000000 | B82: A - Work May Proceed | C82: 03 | D82: 40-000000-4800001272-FHD-CIV-MAT-000015 | E82: 40-000000-4800001272-FHD-CIV-CRS-000015 | F82: 4800001272-FHD-CG - Material Submittal for Aggregate Base Course and Gravel by Aamal Nesma Co. | G82: Material Submittal | H82: CIV - Civil | I82: C - Revise and Resubmit - Do Not Proceed | J82: 45981 | K82: FHD-TRANSMIT-003569 | L82: =J82+7 -> 45988 | M82: 45998 | N82: =M82-L82 -> 10 | O82: NEOM-TRANSMIT-000737 | P82: B- Incorporate Comments - Proceed | Q82: 46000 | R82: FHD-TRANSMIT-003738 | S82: =Q82+7 -> 46007 | T82: 46005 | U82: =T82-S82 -> -2 | V82: WF-016423 | W82: A - Work May Proceed | X82: 46200 | Y82: FHD-TRANSMIT-005828 | Z82: =X82+7 -> 46207 | AA82: 46208 | AB82: =AA82-Z82 -> 1 | AC82: WF-025499
A83: 000000 | B83: A - Work May Proceed | C83: 02 | D83: 40-000000-4800001272-FHD-CIV-MAT-000016 | E83: 40-000000-4800001272-FHD-CIV-CRS-000016 | F83: 4800001272-FHD-CG - Material Submittal for SikaEmaco®-8100 AP for Protection of steel rebars By Sika | G83: Material Submittal | H83: CIV - Civil | I83: B- Incorporate Comments - Proceed | J83: 45993 | K83: FHD-TRANSMIT-003680 | L83: =J83+7 -> 46000 | M83: 46000 | N83: =M83-L83 -> 0 | O83: WF-016146 | P83: A - Work May Proceed | Q83: 46007 | R83: FHD-TRANSMIT-003832 | S83: =Q83+7 -> 46014 | T83: 46008 | U83: =T83-S83 -> -6 | V83: WF-016817
A84: 000000 | B84: A - Work May Proceed | C84: 04 | D84: 40-000000-4800001272-FHD-CIV-MAT-000017 | E84: 40-000000-4800001272-FHD-CIV-CRS-000017 | F84: 4800001272-FHD-CG - Material Submittal for Dowel Bars by Unitech (SFSP) | G84: Material Submittal | H84: CIV - Civil | I84: C - Revise and Resubmit - Do Not Proceed | J84: 45995 | K84: FHD-TRANSMIT-003704 | L84: =J84+7 -> 46002 | M84: 45998 | N84: =M84-L84 -> -4 | O84: WF-016242 | P84: C - Revise and Resubmit - Do Not Proceed | Q84: 45999 | R84: FHD-TRANSMIT-003726 | S84: =Q84+7 -> 46006 | T84: 46004 | U84: =T84-S84 -> -2 | V84: WF-016376 | W84: B- Incorporate Comments - Proceed | X84: 46022 | Y84: FHD-TRANSMIT-003969 | Z84: =X84+7 -> 46029 | AA84: 46034 | AB84: =AA84-Z84 -> 5 | AC84: WF-017548 | AD84: A - Work May Proceed | AE84: 46205 | AF84: FHD-TRANSMIT-005899 | AG84: =AE84+7 -> 46212 | AH84: 46212 | AI84: =AH84-AG84 -> 0 | AJ84: WF-025852
A85: 000000 | B85: A - Work May Proceed | C85: 02 | D85: 40-000000-4800001272-FHD-CIV-MAT-000018 | E85: 40-000000-4800001272-FHD-CIV-CRS-000018 | F85: 4800001272-FHD-CG - Material Submittal for Bitumen Impregnated Filler Board by Unitech for Building & Construction Materials | G85: Material Submittal | H85: CIV - Civil | I85: B- Incorporate Comments - Proceed | J85: 45995 | K85: FHD-TRANSMIT-003705 | L85: =J85+7 -> 46002 | M85: 46000 | N85: =M85-L85 -> -2 | O85: WF-016261 | P85: A - Work May Proceed | Q85: 46204 | R85: FHD-TRANSMIT-005883 | S85: =Q85+7 -> 46211 | T85: 46212 | U85: =T85-S85 -> 1 | V85: WF-025837
A86: 000000 | B86: A - Work May Proceed | C86: 02 | D86: 40-000000-4800001272-FHD-CIV-MAT-000019 | E86: 40-000000-4800001272-FHD-CIV-CRS-000019 | F86: 4800001272-FHD-CG - Material Submittal for Two part polysulphide Sealent for road joints and backing rod by Unitech-ANCHOR L.L.C. | G86: Material Submittal | H86: CIV - Civil | I86: C - Revise and Resubmit - Do Not Proceed | J86: 45998 | K86: FHD-TRANSMIT-003724 | L86: =J86+7 -> 46005 | M86: 46006 | N86: =M86-L86 -> 1 | O86: WF-016310 | P86: A - Work May Proceed | Q86: 46015 | R86: FHD-TRANSMIT-003900 | S86: =Q86+7 -> 46022 | T86: 46018 | U86: =T86-S86 -> -4 | V86: WF-017256
A87: 000000 | B87: A - Work May Proceed | C87: 02 | D87: 40-000000-4800001272-FHD-CIV-MAT-000020 | E87: 40-000000-4800001272-FHD-CIV-CRS-000020 | F87: 4800001272-FHD-CG - Material Submittal For Sika Crete114 SA for Concrete Repair Works | G87: Material Submittal | H87: CIV - Civil | I87: B- Incorporate Comments - Proceed | J87: 46096 | K87: FHD-TRANSMIT-004722 | L87: =J87+7 -> 46103 | M87: 46097 | N87: =M87-L87 -> -6 | O87: WF-021003 | P87: A - Work May Proceed | Q87: 46194 | R87: FHD-TRANSMIT-005758 | S87: =Q87+7 -> 46201 | T87: 46198 | U87: =T87-S87 -> -3 | V87: WF-025216
A88: 000000 | B88: A - Work May Proceed | C88: 03 | D88: 40-000000-4800001272-FHD-CIV-MAT-000021 | E88: 40-000000-4800001272-FHD-CIV-CRS-000021 | F88: 4800001272-FHD-CG - Material Submittal For Dowel Bars By Madar Co. | G88: Material Submittal | H88: CIV - Civil | I88: C - Revise and Resubmit - Do Not Proceed | J88: 46098 | K88: FHD-TRANSMIT-004734 | L88: =J88+7 -> 46105 | M88: 46112 | N88: =M88-L88 -> 7 | O88: WF-021079 | P88: C - Revise and Resubmit - Do Not Proceed | Q88: 46134 | R88: FHD-TRANSMIT-005122 | S88: =Q88+7 -> 46141 | T88: 46138 | U88: =T88-S88 -> -3 | V88: WF-022652 | W88: A - Work May Proceed | X88: 46139 | Y88: FHD-TRANSMIT-005202 | Z88: =X88+7 -> 46146 | AA88: 46142 | AB88: =AA88-Z88 -> -4 | AC88: WF-022938
A89: 000000 | B89: Cancelled | C89: XX | D89: 40-000000-4800001272-FHD-CIV-MAT-000022 | E89: 40-000000-4800001272-FHD-CIV-CRS-000022 | F89: 4800001272-FHD-CG - Material Submittal For Sika Injection101 RC/Sika Injection 201 CE By Sika | G89: Material Submittal | H89: CIV - Civil | I89: B- Incorporate Comments - Proceed | J89: 46110 | K89: FHD-TRANSMIT-004821 | L89: =J89+7 -> 46117 | M89: 46111 | N89: =M89-L89 -> -6 | O89: WF-021308 | P89: Cancelled | Q89: 46118 | R89: FHD-TRANSMIT-004939 | S89: _ | T89: _ | U89: _ | V89: _
A90: 000000 | B90: A - Work May Proceed | C90: 01 | D90: 40-000000-4800001272-FHD-CIV-MAT-000023 | E90: 40-000000-4800001272-FHD-CIV-CRS-000023 | F90: 4800001272-FHD-CG - Material Submittal For Nitomortar TC2000 (Epoxy Resin Based Sealing and Anchoring Compound) | G90: Material Submittal | H90: CIV - Civil | I90: A - Work May Proceed | J90: 46124 | K90: FHD-TRANSMIT-005001 | L90: =J90+7 -> 46131 | M90: 46125 | N90: =M90-L90 -> -6 | O90: WF-022109
A91: 000000 | B91: Cancelled | C91: XX | D91: 40-000000-4800001272-FHD-CIV-MAT-000024 | E91: 40-000000-4800001272-FHD-CIV-CRS-000024 | F91: 4800001272-FHD-CG - Material Submittal For Asphalt Bituminous Base Course Class A- 25 mm By Al Imtyaz | G91: Material Submittal | H91: CIV - Civil | I91: C - Revise and Resubmit - Do Not Proceed | J91: 46126 | K91: FHD-TRANSMIT-005027 | L91: =J91+7 -> 46133 | M91: 46134 | N91: =M91-L91 -> 1 | O91: WF-022184 | P91: Cancelled | Q91: 46196 | R91: FHD-TRANSMIT-005775 | S91: _ | T91: _ | U91: _ | V91: _
A92: 000000 | B92: Cancelled | C92: XX | D92: 40-000000-4800001272-FHD-CIV-MAT-000025 | E92: 40-000000-4800001272-FHD-CIV-CRS-000025 | F92: 4800001272-FHD-CG - Material Submittal For Asphalt Bituminous Wearing Class12.5mm By Al Imtyaz | G92: Material Submittal | H92: CIV - Civil | I92: C - Revise and Resubmit - Do Not Proceed | J92: 46128 | K92: FHD-TRANSMIT-005055 | L92: =J92+7 -> 46135 | M92: 46134 | N92: =M92-L92 -> -1 | O92: WF-022385 | P92: Cancelled | Q92: 46196 | R92: FHD-TRANSMIT-005775 | S92: _ | T92: _ | U92: _ | V92: _
A93: 000000 | B93: B- Incorporate Comments - Proceed | C93: 01 | D93: 40-000000-4800001272-FHD-CIV-MAT-000026 | E93: 40-000000-4800001272-FHD-CIV-CRS-000026 | F93: 4800001272-FHD-CG - Material Submittal For BBC&BWC Asphalt By Expert Future | G93: Material Submittal | H93: CIV - Civil | I93: B- Incorporate Comments - Proceed | J93: 46149 | K93: FHD-TRANSMIT-005347 | L93: =J93+7 -> 46156 | M93: 46160 | N93: =M93-L93 -> 4 | O93: WF-023476
A94: 000000 | B94: A - Work May Proceed | C94: 02 | D94: 40-000000-4800001272-FHD-CIV-MAT-000027 | E94: 40-000000-4800001272-FHD-CIV-CRS-000027 | F94: 4800001272-FHD-CG - Material Submittal For Geotextile T2000 By Unitech (TERRAM) | G94: Material Submittal | H94: CIV - Civil | I94: B- Incorporate Comments - Proceed | J94: 46159 | K94: FHD-TRANSMIT-005479 | L94: =J94+7 -> 46166 | M94: 46173 | N94: =M94-L94 -> 7 | O94: WF-023945 | P94: A - Work May Proceed | Q94: 46201 | R94: FHD-TRANSMIT-005832 | S94: =Q94+7 -> 46208 | T94: 46208 | U94: =T94-S94 -> 0 | V94: WF-025501
A95: 000000 | B95: D - Rejected | C95: 02 | D95: 40-000000-4800001272-FHD-CIV-MAT-000028 | E95: 40-000000-4800001272-FHD-CIV-CRS-000028 | F95: 4800001272-FHD-CG - Material Submittal For Hempel Paints For Sanitary Sewer Network Manhole By Color Diversity Decoration Co. | G95: Material Submittal | H95: CIV - Civil | I95: D - Rejected | J95: 46160 | K95: FHD-TRANSMIT-005497 | L95: =J95+7 -> 46167 | M95: 46173 | N95: =M95-L95 -> 6 | O95: WF-024009 | P95: D - Rejected | Q95: 46197 | R95: FHD-TRANSMIT-005787 | S95: =Q95+7 -> 46204 | T95: 46204 | U95: =T95-S95 -> 0 | V95: WF-025354
A96: 000000 | B96: B- Incorporate Comments - Proceed | C96: 01 | D96: 40-000000-4800001272-FHD-CIV-MAT-000029 | E96: 40-000000-4800001272-FHD-CIV-CRS-000029 | F96: 4800001272-FHD-CG - Material Submittal For MC-70 & RC – 250 For Asphalt By Expert Future For Asphalt Co. | G96: Material Submittal | H96: CIV - Civil | I96: B- Incorporate Comments - Proceed | J96: 46163 | K96: FHD-TRANSMIT-005530 | L96: =J96+7 -> 46170 | M96: 46174 | N96: =M96-L96 -> 4 | O96: WF-024203
A97: 000000 | B97: A - Work May Proceed | C97: 02 | D97: 40-000000-4800001272-FHD-CIV-MAT-000030 | E97: 40-000000-4800001272-FHD-CIV-CRS-000030 | F97: 4800001272-FHD-CG-Material Submittal For Stainless Steel Bars By MADAR Co. | G97: Material Submittal | H97: CIV - Civil | I97: C - Revise and Resubmit - Do Not Proceed | J97: 46183 | K97: FHD-TRANSMIT-005660 | L97: =J97+7 -> 46190 | M97: 46191 | N97: =M97-L97 -> 1 | O97: WF-024694 | P97: A - Work May Proceed | Q97: 46202 | R97: FHD-TRANSMIT-005863 | S97: =Q97+7 -> 46209 | T97: 46209 | U97: =T97-S97 -> 0 | V97: WF-025653
A98: 000000 | B98: A - Work May Proceed | C98: 03 | D98: 40-000000-4800001272-FHD-CIV-MAT-000031 | E98: 40-000000-4800001272-FHD-CIV-CRS-000031 | F98: 4800001272-FHD-CG-Material Submittal for MIXO® Foam (High Performance Foaming Agent) By Construction Chemical (CIC) | G98: Material Submittal | H98: CIV - Civil | I98: B- Incorporate Comments - Proceed | J98: 46216 | K98: FHD-TRANSMIT-006018 | L98: =J98+7 -> 46223 | M98: 46229 | N98: =M98-L98 -> 6 | O98: WF-026435 | P98: B- Incorporate Comments - Proceed | Q98: 46230 | R98: FHD-TRANSMIT-006128 | S98: =Q98+7 -> 46237 | T98: 46233 | U98: =T98-S98 -> -4 | V98: WF-027238 | W98: A - Work May Proceed | X98: 46233 | Y98: FHD-TRANSMIT-006158 | Z98: =X98+7 -> 46240 | AA98: 46236 | AB98: =AA98-Z98 -> -4 | AC98: WF-027407
A99: 000000 | B99: A - Work May Proceed | C99: 02 | D99: 40-000000-4800001272-FHD-CIV-MAT-000032 | E99: 40-000000-4800001272-FHD-CIV-CRS-000032 | F99: 4800001272-FHD-CG - Material Submittal forVetoproof EC722 Epoxy Polysulphide Elastomeric Coating System for Manholes By SAVETO | G99: Material Submittal | H99: CIV - Civil | I99: C - Revise and Resubmit - Do Not Proceed | J99: 46219 | K99: FHD-TRANSMIT-006063 | L99: =J99+7 -> 46226 | M99: 46226 | N99: =M99-L99 -> 0 | O99: WF-026685 | P99: A - Work May Proceed | Q99: 46228 | S99: =Q99+7 -> 46235 | T99: 46230 | U99: =T99-S99 -> -5 | V99: WF-027107
A100: 000000 | B100: A - Work May Proceed | C100: 02 | D100: 40-000000-4800001272-FHD-CIV-MAT-000033 | E100: 40-000000-4800001272-FHD-CIV-CRS-000033 | F100: 4800001272-FHD-CG - Material Submittal for Vetorep ER351, Vetotop EC498 and Vetoprime EP691 By SAVETO Co | G100: Material Submittal | H100: CIV - Civil | I100: C - Revise and Resubmit - Do Not Proceed | J100: 46231 | K100: FHD-TRANSMIT-006141 | L100: =J100+7 -> 46238 | M100: 46236 | N100: =M100-L100 -> -2 | O100: WF-027313 | P100: A - Work May Proceed | Q100: 46237 | R100: FHD-TRANSMIT-006193 | S100: =Q100+7 -> 46244 | T100: 46239 | U100: =T100-S100 -> -5 | V100: WF-027609
A101: 000000 | B101: UR | C101: 01 | D101: 40-000000-4800001272-FHD-CIV-MAT-000034 | E101: 40-000000-4800001272-FHD-CIV-CRS-000034 | F101: 4800001272-FHD-CG - Material Submittal for Vetoprime EP691Epoxy Based Primer, Solvent free Vetoproof EC722 and Vetorep ER351 Epoxy Putty as a Polysulphide Elastomeric Coating System for Sewer Manholes By SAVETO | G101: Material Submittal | H101: CIV - Civil | I101: UR | J101: 46260 | K101: FHD-TRANSMIT-006360 | L101: =J101+7 -> 46267 | N101: =M101-L101 -> -46267 | O101: WF-028857

Sheet STR - MAT
B1: Contract Title: | C1: 4800001272-FHD-Construction of OXAGON Coast Guard Facilities | H1: Date: | I1: =TODAY() -> 46266
B2: Type of Doc: | C2: Material Submittal (MAT)
B3: Discipline: | C3: STR - Structural
B5: A - Work May Proceed | C5: B- Incorporate Comments - Proceed | D5: C - Revise and Resubmit - Do Not Proceed | E5: D - Rejected | F5: E - Review not Required - Proceed | G5: UR | H5: For Approval | I5: Terminated | J5: Cancelled
B6: =COUNTIF(B12:B34,"A - Work May Proceed") -> 13 | C6: =COUNTIF(B12:B34,"B- Incorporate Comments - Proceed") -> 5 | D6: =COUNTIF(B12:B34,"C - Revise and Resubmit - Do Not Proceed") -> 1 | E6: =COUNTIF(B12:B34,"D - Rejected") -> 0 | F6: =COUNTIF(B12:B34,"E - Review not Required - Proceed") -> 0 | G6: =COUNTIF(B12:B34,"UR") -> 0 | H6: =COUNTIF(B12:B34,"FA") -> 0 | I6: =COUNTIF(B12:B34,"Terminated") -> 0 | J6: =COUNTIF(B12:B34,"Cancelled") -> 3
B8: TOTAL | C8: =SUM(B6:J6) -> 22
A10: Asset Codes | B10: Current - Status | C10: Current - Revision | D10: ACONEX Document No | E10: Comments Resolution Sheet (CRS) | F10: Title | G10: Type | H10: Discipline | I10: Revision _ 01 - History | P10: Revision _ 02 - History | W10: Revision _ 03 - History | AD10: Revision _ 04 - History | AK10: Revision _ 05 - History | AR10: Revision _ 06 - History | AY10: Revision _ 07 - History | BF10: Internal notes
I11: Status | J11: Submission Date | K11: Al-Fahd Transmittal Reference | L11: Expected of Response | M11: Receiving Date | N11: Delay of Days | O11: Workflow Transmittal | P11: Status | Q11: Submission Date | R11: Al-Fahd Transmittal Reference | S11: Expected of Response | T11: Receiving Date | U11: Delay of Days | V11: Workflow Transmittal | W11: Status | X11: Submission Date | Y11: Al-Fahd Transmittal Reference | Z11: Expected of Response | AA11: Receiving Date | AB11: Delay of Days | AC11: Workflow Transmittal | AD11: Status | AE11: Submission Date | AF11: Al-Fahd Transmittal Reference | AG11: Expected of Response | AH11: Receiving Date | AI11: Delay of Days | AJ11: Workflow Transmittal | AK11: Status | AL11: Submission Date | AM11: Al-Fahd Transmittal Reference | AN11: Expected of Response | AO11: Receiving Date | AP11: Delay of Days | AQ11: Workflow Transmittal | AR11: Status | AS11: Submission Date | AT11: Al-Fahd Transmittal Reference | AU11: Expected of Response | AV11: Receiving Date | AW11: Delay of Days | AX11: Workflow Transmittal | AY11: Status | AZ11: Submission Date | BA11: Al-Fahd Transmittal Reference | BB11: Expected of Response | BC11: Receiving Date | BD11: Delay of Days | BE11: Workflow Transmittal
A12: 730007 | B12: A - Work May Proceed | C12: 04 | D12: 40-730007-4800001272-FHD-STR-MAT-000001 | E12: 40-730007-4800001272-FHD-STR-CRS-000007 | F12: 4800001272-FHD-CG - Material Submittal for Structural Steel Framing Manufactured By Maani (Hyundai Steel) | G12: Material Submittal | H12: STR - Structural | I12: B- Incorporate Comments - Proceed | J12: 45645 | K12: FHD-TRANSMIT-000766 | L12: =J12+7 -> 45652 | M12: 45654 | N12: =M12-L12 -> 2 | O12: WF-002181 | P12: B- Incorporate Comments - Proceed | Q12: 45777 | R12: FHD-TRANSMIT-001816 | S12: =Q12+7 -> 45784 | T12: 45788 | U12: =T12-S12 -> 4 | V12: WF-005904 | W12: B- Incorporate Comments - Proceed | X12: 45837 | Y12: FHD-TRANSMIT-002243 | Z12: =X12+7 -> 45844 | AA12: 45846 | AB12: =AA12-Z12 -> 2 | AC12: WF-008659 | AD12: A - Work May Proceed | AE12: 46229 | AF12: FHD-TRANSMIT-006121 | AG12: =AE12+7 -> 46236 | AH12: 46239 | AI12: =AH12-AG12 -> 3 | AJ12: WF-027180
A13: 730007 | B13: B- Incorporate Comments - Proceed | C13: 01 | D13: 40-730007-4800001272-FHD-STR-MAT-000002 | E13: 40-730007-4800001272-FHD-STR-CRS-000008 | F13: 4800001272-FHD-CG - Material Submittal for Handrails and Cage Access Ladder By Al Hadaf International Industries | G13: Material Submittal | H13: STR - Structural | I13: B- Incorporate Comments - Proceed | J13: 45650 | K13: FHD-TRANSMIT-000810 | L13: =J13+7 -> 45657 | M13: 45657 | N13: =M13-L13 -> 0 | O13: WF-002284
A14: 730007 | B14: C - Revise and Resubmit - Do Not Proceed | C14: 01 | D14: 40-730007-4800001272-FHD-STR-MAT-000003 | E14: 40-730007-4800001272-FHD-STR-CRS-000009 | F14: 4800001272-FHD-CG - Material Submittal for Fence and Gates By A One Fence Arabia Company Industry | G14: Material Submittal | H14: STR - Structural | I14: C - Revise and Resubmit - Do Not Proceed | J14: 45652 | K14: FHD-TRANSMIT-000838 | L14: =J14+7 -> 45659 | M14: 45697 | N14: =M14-L14 -> 38 | O14: WF-003122
A15: 730007 | B15: A - Work May Proceed | C15: 03 | D15: 40-730007-4800001272-FHD-STR-MAT-000004 | E15: 40-730007-4800001272-FHD-STR-CRS-000010 | F15: 4800001272-FHD-CG - Material Submittal for Intumescent Paint to Provide Fire Resistance to Steel Structure Elements By Maani - (Hempel Paint) | G15: Material Submittal | H15: STR - Structural | I15: B- Incorporate Comments - Proceed | J15: 45657 | K15: FHD-TRANSMIT-000875 | L15: =J15+7 -> 45664 | M15: 45680 | N15: =M15-L15 -> 16 | O15: WF-002726 | P15: B- Incorporate Comments - Proceed | Q15: 45755 | R15: FHD-TRANSMIT-001641 | S15: =Q15+7 -> 45762 | T15: 45760 | U15: =T15-S15 -> -2 | V15: WF-005105 | W15: A - Work May Proceed | X15: 46207 | Y15: FHD-TRANSMIT-005914 | Z15: =X15+7 -> 46214 | AA15: 46217 | AB15: =AA15-Z15 -> 3 | AC15: WF-025893
A16: 730007 | B16: A - Work May Proceed | C16: 05 | D16: 40-730007-4800001272-FHD-STR-MAT-000005 | E16: 40-730007-4800001272-FHD-STR-CRS-000011 | F16: 4800001272-FHD-CG - Material Submittal for Shear Studs By Maani (SWENN) | G16: Material Submittal | H16: STR - Structural | I16: C - Revise and Resubmit - Do Not Proceed | J16: 45664 | K16: FHD-TRANSMIT-000939 | L16: =J16+7 -> 45671 | M16: 45673 | N16: =M16-L16 -> 2 | O16: WF-002503 | P16: B- Incorporate Comments - Proceed | Q16: 45693 | R16: FHD-TRANSMIT-001209 | S16: =Q16+7 -> 45700 | T16: 45701 | U16: =T16-S16 -> 1 | V16: WF-003075 | W16: B- Incorporate Comments - Proceed | X16: 45777 | Y16: FHD-TRANSMIT-001814 | Z16: =X16+7 -> 45784 | AA16: 45788 | AB16: =AA16-Z16 -> 4 | AC16: WF-005905 | AD16: B- Incorporate Comments - Proceed | AE16: 45834 | AF16: FHD-TRANSMIT-002225 | AG16: =AE16+7 -> 45841 | AH16: 45844 | AI16: =AH16-AG16 -> 3 | AJ16: WF-008563 | AK16: A - Work May Proceed | AL16: 46215 | AM16: FHD-TRANSMIT-006007 | AN16: =AL16+7 -> 46222 | AO16: 46229 | AP16: =AO16-AN16 -> 7 | AQ16: WF-027011
A17: 730007 | B17: A - Work May Proceed | C17: 04 | D17: 40-730007-4800001272-FHD-STR-MAT-000006 | E17: 40-730007-4800001272-FHD-STR-CRS-000012 | F17: 4800001272-FHD-CG - Material Submittal for Structural Steel Framing By Maani (Emirates Steel) | G17: Material Submittal | H17: STR - Structural | I17: B- Incorporate Comments - Proceed | J17: 45664 | K17: FHD-TRANSMIT-000943 | L17: =J17+7 -> 45671 | M17: 45665 | N17: =M17-L17 -> -6 | O17: WF-002505 | P17: B- Incorporate Comments - Proceed | Q17: 45777 | R17: FHD-TRANSMIT-001813 | S17: =Q17+7 -> 45784 | T17: 45788 | U17: =T17-S17 -> 4 | V17: WF-005906 | W17: B- Incorporate Comments - Proceed | X17: 45833 | Y17: FHD-TRANSMIT-002224 | Z17: =X17+7 -> 45840 | AA17: 45844 | AB17: =AA17-Z17 -> 4 | AC17: WF-008564 | AD17: A - Work May Proceed | AE17: 46219 | AF17: FHD-TRANSMIT-006058 | AG17: =AE17+7 -> 46226 | AH17: 46229 | AI17: =AH17-AG17 -> 3 | AJ17: WF-026689
A18: 730007 | B18: B- Incorporate Comments - Proceed | C18: 02 | D18: 40-730007-4800001272-FHD-STR-MAT-000007 | E18: 40-730007-4800001272-FHD-STR-CRS-000013 | F18: 4800001272-FHD-CG - Material Submittal for Structural Steel Framing By Maani (THL TUBE & Pipe Industries LLC) | G18: Material Submittal | H18: STR - Structural | I18: B- Incorporate Comments - Proceed | J18: 45671 | K18: FHD-TRANSMIT-001004 | L18: =J18+7 -> 45678 | M18: 45673 | N18: =M18-L18 -> -5 | O18: WF-002600 | P18: B- Incorporate Comments - Proceed | Q18: 46235 | R18: FHD-TRANSMIT-006177 | S18: =Q18+7 -> 46242 | T18: 46245 | U18: =T18-S18 -> 3 | V18: WF-027500
A19: 730007 | B19: B- Incorporate Comments - Proceed | C19: 04 | D19: 40-730007-4800001272-FHD-STR-MAT-000008 | E19: 40-730007-4800001272-FHD-STR-CRS-000015 | F19: 4800001272-FHD-CG - Material Submittal for Structural Steel Framing By Maani (Sulb) | G19: Material Submittal | H19: STR - Structural | I19: B- Incorporate Comments - Proceed | J19: 45679 | K19: FHD-TRANSMIT-001081 | L19: =J19+7 -> 45686 | M19: 45686 | N19: =M19-L19 -> 0 | O19: WF-002874 | P19: B- Incorporate Comments - Proceed | Q19: 45777 | R19: FHD-TRANSMIT-001819 | S19: =Q19+7 -> 45784 | T19: 45788 | U19: =T19-S19 -> 4 | V19: WF-005907 | W19: B- Incorporate Comments - Proceed | X19: 45832 | Y19: FHD-TRANSMIT-002210 | Z19: =X19+7 -> 45839 | AA19: 45833 | AB19: =AA19-Z19 -> -6 | AC19: WF-008240 | AD19: B- Incorporate Comments - Proceed | AE19: 46235 | AF19: FHD-TRANSMIT-006176 | AG19: =AE19+7 -> 46242 | AH19: 46239 | AI19: =AH19-AG19 -> -3 | AJ19: WF-027502
A20: 730007 | B20: B- Incorporate Comments - Proceed | C20: 03 | D20: 40-730007-4800001272-FHD-STR-MAT-000009 | E20: 40-730007-4800001272-FHD-STR-CRS-000016 | F20: 4800001272-FHD-CG - Material Submittal for Structural Steel Framing By Maani Tianjin Yuantaiderun Pipe Manufacturing Group Co. Ltd. | G20: Material Submittal | H20: STR - Structural | I20: B- Incorporate Comments - Proceed | J20: 45679 | K20: FHD-TRANSMIT-001082 | L20: =J20+7 -> 45686 | M20: 45686 | N20: =M20-L20 -> 0 | O20: WF-002875 | P20: B- Incorporate Comments - Proceed | Q20: 45777 | R20: FHD-TRANSMIT-001820 | S20: =Q20+7 -> 45784 | T20: 45788 | U20: =T20-S20 -> 4 | V20: WF-005909 | W20: B- Incorporate Comments - Proceed | X20: 45832 | Y20: FHD-TRANSMIT-002212 | Z20: =X20+7 -> 45839 | AA20: 45837 | AB20: =AA20-Z20 -> -2 | AC20: WF-008342
A21: 730007 | B21: Cancelled | C21: XX | D21: 40-730007-4800001272-FHD-STR-MAT-000010 | E21: 40-730007-4800001272-FHD-STR-CRS-000018 | F21: 4800001272-FHD-CG - Material Submittal for Assembly Bolts, Washers and Nuts By Maani (Bright Star Construction Materials LLC) | G21: Material Submittal | H21: STR - Structural | I21: B- Incorporate Comments - Proceed | J21: 45706 | K21: FHD-TRANSMIT-001323 | L21: =J21+7 -> 45713 | M21: 45708 | N21: =M21-L21 -> -5 | O21: WF-003500 | P21: Cancelled | Q21: 46233 | R21: FHD-TRANSMIT-006157
A22: 730007 | B22: B- Incorporate Comments - Proceed | C22: 01 | D22: 40-730007-4800001272-FHD-STR-MAT-000011 | E22: 40-730007-4800001272-FHD-STR-CRS-000019 | F22: 4800001272-FHD-CG - Material Submittal for Assembly Bolts, Washers and Nuts By Maani (Asia Bolts Industries LLC) | G22: Material Submittal | H22: STR - Structural | I22: B- Incorporate Comments - Proceed | J22: 45706 | K22: FHD-TRANSMIT-001324 | L22: =J22+7 -> 45713 | M22: 45708 | N22: =M22-L22 -> -5 | O22: WF-003501
A23: 730007 | B23: A - Work May Proceed | C23: 2 | D23: 40-730007-4800001272-FHD-STR-MAT-000012 | E23: 40-730007-4800001272-FHD-STR-CRS-000020 | F23: 4800001272-FHD-CG - Material Submittal for 20mm Anchor Bolts By Masdar | G23: Material Submittal | H23: STR - Structural | I23: B- Incorporate Comments - Proceed | J23: 45786 | K23: FHD-TRANSMIT-001900 | L23: =J23+7 -> 45793 | M23: 45794 | N23: =M23-L23 -> 1 | O23: WF-006257 | P23: A - Work May Proceed | Q23: 46232 | R23: FHD-TRANSMIT-006142 | S23: =Q23+7 -> 46239 | T23: 46237 | U23: =T23-S23 -> -2 | V23: WF-027318
A24: 000000 | B24: Cancelled | C24: XX | D24: 40-000000-4800001272-FHD-STR-MAT-000001 | E24: 40-000000-4800001272-FHD-STR-CRS-000001 | F24: 4800001272-FHD-CG - Material Submittal for Primer Paint for Steel Structure By Maani - Jotun | G24: Material Submittal | H24: STR - Structural | I24: B- Incorporate Comments - Proceed | J24: 45860 | K24: FHD-TRANSMIT-002433 | L24: =J24+7 -> 45867 | M24: 45867 | N24: =M24-L24 -> 0 | O24: WF-010179 | P24: Cancelled | Q24: 46233 | R24: FHD-TRANSMIT-006157
A25: 000000 | B25: A - Work May Proceed | C25: 03 | D25: 40-000000-4800001272-FHD-STR-MAT-000002 | E25: 40-000000-4800001272-FHD-STR-CRS-000002 | F25: 4800001272-FHD-CG- Material Submittal for Sag Rod for Steel Structure By Maani - Masdar | G25: Material Submittal | H25: STR - Structural | I25: C - Revise and Resubmit - Do Not Proceed | J25: 45995 | K25: FHD-TRANSMIT-003701 | L25: =J25+7 -> 46002 | M25: 46004 | N25: =M25-L25 -> 2 | O25: WF-016244 | P25: B- Incorporate Comments - Proceed | Q25: 46018 | R25: FHD-TRANSMIT-003925 | S25: =Q25+7 -> 46025 | T25: 46020 | U25: =T25-S25 -> -5 | V25: WF-017348 | W25: A - Work May Proceed | X25: 46215 | Y25: FHD-TRANSMIT-006011 | Z25: =X25+7 -> 46222 | AA25: 46226 | AB25: =AA25-Z25 -> 4 | AC25: WF-026366
A26: 000000 | B26: A - Work May Proceed | C26: 01 | D26: 40-000000-4800001272-FHD-STR-MAT-000003 | E26: 40-000000-4800001272-FHD-STR-CRS-000003 | F26: 4800001272-FHD-CG- Material Submittal for Mechanical bolts for GRP Access hatch and access ladder by Masdar | G26: Material Submittal | H26: STR - Structural | I26: A - Work May Proceed | J26: 46011 | K26: FHD-TRANSMIT-003865 | L26: =J26+7 -> 46018 | M26: 46018 | N26: =M26-L26 -> 0 | O26: WF-017028
A27: 000000 | B27: A - Work May Proceed | C27: 03 | D27: 40-000000-4800001272-FHD-STR-MAT-000004 | E27: 40-000000-4800001272-FHD-STR-CRS-000004 | F27: 4800001272-FHD-CG - Material Submittal for Cladding Substructure By LAVENCO | G27: Material Submittal | H27: STR - Structural | I27: C - Revise and Resubmit - Do Not Proceed | J27: 46036 | K27: FHD-TRANSMIT-004080 | L27: =J27+7 -> 46043 | M27: 46046 | N27: =M27-L27 -> 3 | O27: WF-018127 | P27: C - Revise and Resubmit - Do Not Proceed | Q27: 46088 | R27: FHD-TRANSMIT-004628 | S27: =Q27+7 -> 46095 | T27: 46099 | U27: =T27-S27 -> 4 | V27: WF-020589 | W27: B- Incorporate Comments - Proceed | X27: 46114 | Y27: FHD-TRANSMIT-004888 | Z27: =X27+7 -> 46121 | AA27: 46119 | AB27: =AA27-Z27 -> -2 | AC27: WF-021605 | AD27: A - Work May Proceed | AE27: 46120 | AF27: FHD-TRANSMIT-004964 | AG27: =AE27+7 -> 46127 | AH27: 46123 | AI27: =AH27-AG27 -> -4 | AJ27: WF-021927
A28: 000000 | B28: Cancelled | C28: XX | D28: 40-000000-4800001272-FHD-STR-MAT-000005 | E28: 40-000000-4800001272-FHD-STR-CRS-000005 | F28: 4800001272-FHD-CG - Material Submittal For Shear Stud By Asia Bolts Industries Co / Maani. | G28: Material Submittal | H28: STR - Structural | I28: C - Revise and Resubmit - Do Not Proceed | J28: 46093 | K28: FHD-TRANSMIT-004689 | L28: =J28+7 -> 46100 | M28: 46109 | N28: =M28-L28 -> 9 | O28: WF-020853 | P28: Cancelled | Q28: 46233 | R28: FHD-TRANSMIT-006157
A29: 000000 | B29: A - Work May Proceed | C29: 03 | D29: 40-000000-4800001272-FHD-STR-MAT-000006 | E29: 40-000000-4800001272-FHD-STR-CRS-000006 | F29: 4800001272-FHD-CG - Material Submittal For Expansion Bolts By Maani (Hilti) | G29: Material Submittal | H29: STR - Structural | I29: C - Revise and Resubmit - Do Not Proceed | J29: 46111 | K29: FHD-TRANSMIT-004841 | L29: =J29+7 -> 46118 | M29: 46111 | N29: =M29-L29 -> -7 | O29: WF-021380 | P29: B- Incorporate Comments - Proceed | Q29: 46112 | R29: FHD-TRANSMIT-004855 | S29: =Q29+7 -> 46119 | T29: 46113 | U29: =T29-S29 -> -6 | V29: WF-021470 | W29: A - Work May Proceed | X29: 46208 | Y29: FHD-TRANSMIT-005926 | Z29: =X29+7 -> 46215 | AA29: 46216 | AB29: =AA29-Z29 -> 1 | AC29: WF-026156
A30: 000000 | B30: A - Work May Proceed | C30: 02 | D30: 40-000000-4800001272-FHD-STR-MAT-000007 | E30: 40-000000-4800001272-FHD-STR-CRS-000007 | F30: 4800001272-FHD-CG - Material Submittal For Chemical Anchors By Hilti | G30: Material Submittal | H30: STR - Structural | I30: B- Incorporate Comments - Proceed | J30: 46119 | K30: FHD-TRANSMIT-004952 | L30: =J30+7 -> 46126 | M30: 46124 | N30: =M30-L30 -> -2 | O30: WF-021862 | P30: A - Work May Proceed | Q30: 46133 | R30: FHD-TRANSMIT-005105 | S30: =Q30+7 -> 46140 | T30: 46134 | U30: =T30-S30 -> -6 | V30: WF-022561
A31: 000000 | B31: A - Work May Proceed | C31: 03 | D31: 40-000000-4800001272-FHD-STR-MAT-000008 | E31: 40-000000-4800001272-FHD-STR-CRS-000008 | F31: 4800001272-FHD-CG - Material Submittal For Anchor Bolts For Fire Pump By Masdar | G31: Material Submittal | H31: STR - Structural | I31: B- Incorporate Comments - Proceed | J31: 46125 | K31: FHD-TRANSMIT-005019 | L31: =J31+7 -> 46132 | M31: 46134 | N31: =M31-L31 -> 2 | O31: WF-022186 | P31: B- Incorporate Comments - Proceed | Q31: 46137 | R31: FHD-TRANSMIT-005162 | S31: =Q31+7 -> 46144 | T31: 46146 | U31: =T31-S31 -> 2 | V31: WF-022818 | W31: A - Work May Proceed | X31: 46151 | Y31: FHD-TRANSMIT-005376 | Z31: =X31+7 -> 46158 | AA31: 46152 | AB31: =AA31-Z31 -> -6 | AC31: WF-023499
A32: 000000 | B32: A - Work May Proceed | C32: 01 | D32: 40-000000-4800001272-FHD-STR-MAT-000009 | E32: 40-000000-4800001272-FHD-STR-CRS-000009 | F32: 4800001272-FHD-CG - Material Submittal For Steel Plates For 1st Floor Slab_Concrete Strengthening Works By Maani | G32: Material Submittal | H32: STR - Structural | I32: A - Work May Proceed | J32: 46162 | K32: FHD-TRANSMIT-005516 | L32: =J32+7 -> 46169 | M32: 46173 | N32: =M32-L32 -> 4 | O32: WF-024154
A33: 000000 | B33: A - Work May Proceed | C33: 01 | D33: 40-000000-4800001272-FHD-STR-MAT-000010 | E33: 40-000000-4800001272-FHD-STR-CRS-000010 | F33: 4800001272-FHD-CG-Material Submittal For Expansion Bolts for1 ST Floor Slab Strengthening Works By Maani (Hilti). | G33: Material Submittal | H33: STR - Structural | I33: A - Work May Proceed | J33: 46167 | K33: FHD-TRANSMIT-005580 | L33: =J33+7 -> 46174 | M33: 46173 | N33: =M33-L33 -> -1 | O33: WF-024322

Sheet ELE - MAT
B1: Contract Title: | C1: 4800001272-FHD-Construction of OXAGON Coast Guard Facilities | H1: Date: | I1: =TODAY() -> 46266
B2: Type of Doc: | C2: Material Submittal (MAT)
B3: Discipline: | C3: ELE - Electrical
B5: A - Work May Proceed | C5: B- Incorporate Comments - Proceed | D5: C - Revise and Resubmit - Do Not Proceed | E5: D - Rejected | F5: E - Review not Required - Proceed | G5: UR | H5: For Approval | I5: Terminated | J5: Cancelled
B6: =COUNTIF(B11:B72,"A - Work May Proceed") -> 34 | C6: =COUNTIF(B11:B72,"B- Incorporate Comments - Proceed") -> 2 | D6: =COUNTIF(B11:B72,"C - Revise and Resubmit - Do Not Proceed") -> 2 | E6: =COUNTIF(B11:B72,"D - Rejected") -> 0 | F6: =COUNTIF(B11:B72,"E - Review not Required - Proceed") -> 0 | G6: =COUNTIF(B11:B72,"UR") -> 1 | H6: =COUNTIF(B11:B72,"FA") -> 1 | I6: =COUNTIF(B11:B72,"Terminated") -> 0 | J6: =COUNTIF(B11:B72,"Cancelled") -> 21
B8: TOTAL | C8: =SUM(B6:J6) -> 61
A10: Asset Codes | B10: Current - Status | C10: Current - Revision | D10: ACONEX Document No | E10: Comments Resolution Sheet (CRS) | F10: Title | G10: Type | H10: Discipline | I10: Revision _ 01 - History | P10: Revision _ 02 - History | W10: Revision _ 03 - History | AD10: Revision _ 04 - History | AK10: Revision _ 05 - History | AR10: Revision _ 06 - History | AY10: Revision _ 07 - History | BF10: Revision _ 08 - History | BM10: Revision _ 09 - History | BT10: Revision _ 10 - History | CA10: Internal notes
I11: Status | J11: Submission Date | K11: Al-Fahd Transmittal Reference | L11: Expected of Response | M11: Receiving Date | N11: Delay of Days | O11: Workflow Transmittal | P11: Status | Q11: Submission Date | R11: Al-Fahd Transmittal Reference | S11: Expected of Response | T11: Receiving Date | U11: Delay of Days | V11: Workflow Transmittal | W11: Status | X11: Submission Date | Y11: Al-Fahd Transmittal Reference | Z11: Expected of Response | AA11: Receiving Date | AB11: Delay of Days | AC11: Workflow Transmittal | AD11: Status | AE11: Submission Date | AF11: Al-Fahd Transmittal Reference | AG11: Expected of Response | AH11: Receiving Date | AI11: Delay of Days | AJ11: Workflow Transmittal | AK11: Status | AL11: Submission Date | AM11: Al-Fahd Transmittal Reference | AN11: Expected of Response | AO11: Receiving Date | AP11: Delay of Days | AQ11: Workflow Transmittal | AR11: Status | AS11: Submission Date | AT11: Al-Fahd Transmittal Reference | AU11: Expected of Response | AV11: Receiving Date | AW11: Delay of Days | AX11: Workflow Transmittal | AY11: Status | AZ11: Submission Date | BA11: Al-Fahd Transmittal Reference | BB11: Expected of Response | BC11: Receiving Date | BD11: Delay of Days | BE11: Workflow Transmittal | BF11: Status | BG11: Submission Date | BH11: Al-Fahd Transmittal Reference | BI11: Expected of Response | BJ11: Receiving Date | BK11: Delay of Days | BL11: Workflow Transmittal | BM11: Status | BN11: Submission Date | BO11: Al-Fahd Transmittal Reference | BP11: Expected of Response | BQ11: Receiving Date | BR11: Delay of Days | BS11: Workflow Transmittal | BT11: Status | BU11: Submission Date | BV11: Al-Fahd Transmittal Reference | BW11: Expected of Response | BX11: Receiving Date | BY11: Delay of Days | BZ11: Workflow Transmittal
A12: 730007 | B12: A - Work May Proceed | C12: 02 | D12: 40-730007-4800001272-FHD-ELE-MAT-000001 | E12: 40-730007-4800001272-FHD-ELE-CRS-000006 | F12: 4800001272-FHD-CG - Material Submittal for Earthing and Lightning Protection Material By TEPCO | G12: Material Submittal | H12: ELE - Electrical | I12: B- Incorporate Comments - Proceed | J12: 45578 | K12: FHD-TRANSMIT-000150 | L12: =J12+7 -> 45585 | M12: 45581 | N12: =M12-L12 -> -4 | O12: WF-000465 | P12: A - Work May Proceed | Q12: 45706 | R12: FHD-TRANSMIT-001319 | S12: =Q12+7 -> 45713 | T12: 45719 | U12: =T12-S12 -> 6 | V12: WF-00349
A13: 730007 | B13: Cancelled | C13: XX | D13: 40-730007-4800001272-FHD-ELE-MAT-000002 | E13: 40-730007-4800001272-FHD-ELE-CRS-000007 | F13: 4800001272-FHD-CG - Material Submittal for UPVC Conduits and fittings by Bahra BC Conduit | G13: Material Submittal | H13: ELE - Electrical | I13: C - Revise and Resubmit - Do Not Proceed | J13: 45586 | K13: FHD-TRANSMIT-000212 | L13: =J13+7 -> 45593 | M13: 45592 | N13: =M13-L13 -> -1 | O13: WF-000601 | P13: Cancelled | Q13: 45652 | R13: FHD-TRANSMIT-000834 | S13: _ | T13: _ | U13: _ | V13: _
A14: 730007 | B14: Cancelled | C14: XX | D14: 40-730007-4800001272-FHD-ELE-MAT-000003 | E14: 40-730007-4800001272-FHD-ELE-CRS-000008 | F14: 4800001272-FHD-CG - Material Submittal for PVC Conduits and fittings by Bahra BC Conduit | G14: Material Submittal | H14: ELE - Electrical | I14: C - Revise and Resubmit - Do Not Proceed | J14: 45586 | K14: FHD-TRANSMIT-000213 | L14: =J14+7 -> 45593 | M14: 45592 | N14: =M14-L14 -> -1 | O14: WF-000602 | P14: Cancelled | Q14: 45652 | R14: FHD-TRANSMIT-000835 | S14: _ | T14: _ | U14: _ | V14: _
A15: 730007 | B15: Cancelled | C15: XX | D15: 40-730007-4800001272-FHD-ELE-MAT-000004 | E15: 40-730007-4800001272-FHD-ELE-CRS-000015 | F15: 4800001272-FHD-CG - Material Submittal for MV & LV Cables and Wires by Al Fahd Idahah Co - Bahra | G15: Material Submittal | H15: ELE - Electrical | I15: C - Revise and Resubmit - Do Not Proceed | J15: 45594 | K15: FHD-TRANSMIT-000274 | L15: =J15+7 -> 45601 | M15: 45598 | N15: =M15-L15 -> -3 | O15: WF-000773 | P15: Cancelled | Q15: 45652 | R15: FHD-TRANSMIT-000841 | S15: _ | T15: _ | U15: _ | V15: _
A16: 730007 | B16: Cancelled | C16: XX | D16: 40-730007-4800001272-FHD-ELE-MAT-000005 | E16: 40-730007-4800001272-FHD-ELE-CRS-000016 | F16: 4800001272-FHD-CG - Material Submittal for Lighting Control System and Sensors by Armada Solutions Company | G16: Material Submittal | H16: ELE - Electrical | I16: B- Incorporate Comments - Proceed | J16: 45598 | K16: FHD-TRANSMIT-000301 | L16: =J16+7 -> 45605 | M16: 45609 | N16: =M16-L16 -> 4 | O16: WF-000846 | P16: B- Incorporate Comments - Proceed | Q16: 45715 | R16: FHD-TRANSMIT-001393 | S16: =Q16+7 -> 45722 | T16: 45722 | U16: =T16-S16 -> 0 | V16: WF-003822 | W16: B- Incorporate Comments - Proceed | X16: 45783 | Y16: FHD-TRANSMIT-001876 | Z16: =X16+7 -> 45790 | AA16: 45798 | AB16: =AA16-Z16 -> 8 | AC16: WF-006131 / WF-006727 | AD16: Cancelled | AE16: 45878 | AF16: FHD-TRANSMIT-002574
A17: 730007 | B17: A - Work May Proceed | C17: 06 | D17: 40-730007-4800001272-FHD-ELE-MAT-000006 | E17: 40-730007-4800001272-FHD-ELE-CRS-000018 | F17: 4800001272-FHD-CG - Material Submittal for Transformer- Panel Board- MCC- Capctior Bank- RMU- Bus Riser by ERCO Company | G17: Material Submittal | H17: ELE - Electrical | I17: B- Incorporate Comments - Proceed | J17: 45599 | K17: FHD-TRANSMIT-000310 | L17: =J17+7 -> 45606 | M17: 45613 | N17: =M17-L17 -> 7 | O17: WF-000881 | P17: C - Revise and Resubmit - Do Not Proceed | Q17: 45621 | R17: FHD-TRANSMIT-000511 | S17: =Q17+7 -> 45628 | T17: 45635 | U17: =T17-S17 -> 7 | V17: WF-001527 | W17: C - Revise and Resubmit - Do Not Proceed | X17: 45666 | Y17: FHD-TRANSMIT-000954 | Z17: =X17+7 -> 45673 | AA17: 45680 | AB17: =AA17-Z17 -> 7 | AC17: WF-002530 | AD17: C - Revise and Resubmit - Do Not Proceed | AE17: 45687 | AF17: FHD-TRANSMIT-001146 | AG17: =AE17+7 -> 45694 | AH17: 45699 | AI17: =AH17-AG17 -> 5 | AJ17: WF-002903 | AK17: C - Revise and Resubmit - Do Not Proceed | AL17: 45708 | AM17: FHD-TRANSMIT-001337 | AN17: =AL17+7 -> 45715 | AO17: 45721 | AP17: =AO17-AN17 -> 6 | AQ17: WF-004002 | AR17: A - Work May Proceed | AS17: 45736 | AT17: FHD-TRANSMIT-001556 | AU17: =AS17+7 -> 45743 | AV17: 45761 | AW17: =AV17-AU17 -> 18 | AX17: WF-004653
A18: 730007 | B18: A - Work May Proceed | C18: 02 | D18: 40-730007-4800001272-FHD-ELE-MAT-000007 | E18: 40-730007-4800001272-FHD-ELE-CRS-000019 | F18: 4800001272-FHD-CG - Material Submittal for UPVC Pipe & Fitting By Al Fahd Idahah National Kham Plastic Factory | G18: Material Submittal | H18: ELE - Electrical | I18: B- Incorporate Comments - Proceed | J18: 45599 | K18: FHD-TRANSMIT-000311 | L18: =J18+7 -> 45606 | M18: 45605 | N18: =M18-L18 -> -1 | O18: WF-000882 | P18: A - Work May Proceed | Q18: 45708 | R18: FHD-TRANSMIT-001338 | S18: =Q18+7 -> 45715 | T18: 45721 | U18: =T18-S18 -> 6 | V18: WF-003528
A19: 730007 | B19: Cancelled | C19: XX | D19: 40-730007-4800001272-FHD-ELE-MAT-000008 | E19: 40-730007-4800001272-FHD-ELE-CRS-000021 | F19: 4800001272-FHD-CG - Material Submittal for PVC Pipe & Fitting by Al Fahd Idahah National Kham Plastic Factory | G19: Material Submittal | H19: ELE - Electrical | I19: B- Incorporate Comments - Proceed | J19: 45600 | K19: FHD-TRANSMIT-000323 | L19: =J19+7 -> 45607 | M19: 45607 | N19: =M19-L19 -> 0 | O19: WF-000892 | P19: Cancelled | Q19: 45878 | R19: FHD-TRANSMIT-002574
A20: 730007 | B20: Cancelled | C20: XX | D20: 40-730007-4800001272-FHD-ELE-MAT-000009 | E20: 40-730007-4800001272-FHD-ELE-CRS-000022 | F20: 4800001272-FHD-CG - Material Submittal for Cable Management Systems (Cable Trays-Ladders-Trunks) by AL-AMAL CO. | G20: Material Submittal | H20: ELE - Electrical | I20: C - Revise and Resubmit - Do Not Proceed | J20: 45600 | K20: FHD-TRANSMIT-000329 | L20: =J20+7 -> 45607 | M20: 45613 | N20: =M20-L20 -> 6 | O20: WF-000931 | P20: C - Revise and Resubmit - Do Not Proceed | Q20: 45623 | R20: FHD-TRANSMIT-000538 | S20: =Q20+7 -> 45630 | T20: 45627 | U20: =T20-S20 -> -3 | V20: WF-001560 | W20: Cancelled | X20: 45652 | Y20: FHD-TRANSMIT-000842 | Z20: _ | AA20: _ | AB20: _ | AC20: _
A21: 730007 | B21: A - Work May Proceed | C21: 03 | D21: 40-730007-4800001272-FHD-ELE-MAT-000010 | E21: 40-730007-4800001272-FHD-ELE-CRS-000023 | F21: 4800001272-FHD-CG - Material Submittal for Cubis By Idhaah - ACRH | G21: Material Submittal | H21: ELE - Electrical | I21: B- Incorporate Comments - Proceed | J21: 45602 | K21: FHD-TRANSMIT-000350 | L21: =J21+7 -> 45609 | M21: 45606 | N21: =M21-L21 -> -3 | O21: WF-000983 | P21: B- Incorporate Comments - Proceed | Q21: 45784 | R21: FHD-TRANSMIT-001889 | S21: =Q21+7 -> 45791 | T21: 45791 | U21: =T21-S21 -> 0 | V21: WF-006200 | W21: A - Work May Proceed | X21: 45794 | Y21: FHD-TRANSMIT-001963 | Z21: =X21+7 -> 45801 | AA21: 45802 | AB21: =AA21-Z21 -> 1 | AC21: WF-006560
A22: 730007 | B22: A - Work May Proceed | C22: 04 | D22: 40-730007-4800001272-FHD-ELE-MAT-000011 | E22: 40-730007-4800001272-FHD-ELE-CRS-000026 | F22: 4800001272-FHD-CG - Material Submittal for Lighting Fixtures By Saudi Lighting Company (Philips-SLC) | G22: Material Submittal | H22: ELE - Electrical | I22: B- Incorporate Comments - Proceed | J22: 45605 | K22: FHD-TRANSMIT-000368 | L22: =J22+7 -> 45612 | M22: 45616 | N22: =M22-L22 -> 4 | O22: WF-001049 | P22: B- Incorporate Comments - Proceed | Q22: 45757 | R22: FHD-TRANSMIT-001655 | S22: =Q22+7 -> 45764 | T22: 45774 | U22: =T22-S22 -> 10 | V22: WF-005151 | W22: B- Incorporate Comments - Proceed | X22: 45790 | Y22: FHD-TRANSMIT-001924 | Z22: =X22+7 -> 45797 | AA22: 45798 | AB22: =AA22-Z22 -> 1 | AC22: WF-006347 | AD22: A - Work May Proceed | AE22: 45848 | AF22: FHD-TRANSMIT-002325 | AG22: =AE22+7 -> 45855 | AH22: 45859 | AI22: =AH22-AG22 -> 4 | AJ22: WF-009551
A23: 730007 | B23: Cancelled | C23: XX | D23: 40-730007-4800001272-FHD-ELE-MAT-000012 | E23: 40-730007-4800001272-FHD-ELE-CRS-000027 | F23: 4800001272-FHD-CG - Material Submittal for PVC & UPVC Fitting By Saudi Plastic Products Co. (SAPPCO) | G23: Material Submittal | H23: ELE - Electrical | I23: B- Incorporate Comments - Proceed | J23: 45606 | K23: FHD-TRANSMIT-000383 | L23: =J23+7 -> 45613 | M23: 45613 | N23: =M23-L23 -> 0 | O23: WF-001103 | P23: Cancelled | Q23: 46070 | R23: FHD-TRANSMIT-004478 | S23: _ | T23: _ | U23: _ | V23: _
A24: 730007 | B24: Cancelled | C24: XX | D24: 40-730007-4800001272-FHD-ELE-MAT-000013 | E24: 40-730007-4800001272-FHD-ELE-CRS-000028 | F24: 4800001272-FHD-CG - Material Submittal for Generator 1000 KVA By Alkhorayef Commercial | G24: Material Submittal | H24: ELE - Electrical | I24: C - Revise and Resubmit - Do Not Proceed | J24: 45606 | K24: FHD-TRANSMIT-000384 | L24: =J24+7 -> 45613 | M24: 45616 | N24: =M24-L24 -> 3 | O24: WF-001104 | P24: Cancelled | Q24: 45652 | R24: FHD-TRANSMIT-000843 | S24: _ | T24: _ | U24: _ | V24: _
A25: 730007 | B25: A - Work May Proceed | C25: 02 | D25: 40-730007-4800001272-FHD-ELE-MAT-000014 | E25: 40-730007-4800001272-FHD-ELE-CRS-000029 | F25: 4800001272-FHD-CG - Material Submittal for EMT & Box & Flexible Liquid Tight By Idahah - ITCC | G25: Material Submittal | H25: ELE - Electrical | I25: B- Incorporate Comments - Proceed | J25: 45606 | K25: FHD-TRANSMIT-000385 | L25: =J25+7 -> 45613 | M25: 45617 | N25: =M25-L25 -> 4 | O25: WF-001105 | P25: A - Work May Proceed | Q25: 45708 | R25: FHD-TRANSMIT-001343 | S25: =Q25+7 -> 45715 | T25: 45712 | U25: =T25-S25 -> -3 | V25: WF-003585
A26: 730007 | B26: A - Work May Proceed | C26: 03 | D26: 40-730007-4800001272-FHD-ELE-MAT-000015 | E26: 40-730007-4800001272-FHD-ELE-CRS-000031 | F26: 4800001272-FHD-CG - Material Submittal for Safety Switch By Idahah - Scame | G26: Material Submittal | H26: ELE - Electrical | I26: B- Incorporate Comments - Proceed | J26: 45607 | K26: FHD-TRANSMIT-000399 | L26: =J26+7 -> 45614 | M26: 45623 | N26: =M26-L26 -> 9 | O26: WF-001186 | P26: B- Incorporate Comments - Proceed | Q26: 45709 | R26: FHD-TRANSMIT-001345 | S26: =Q26+7 -> 45716 | T26: 45712 | U26: =T26-S26 -> -4 | V26: WF-003586 | W26: A - Work May Proceed | X26: 45724 | Y26: FHD-TRANSMIT-001443 | Z26: =X26+7 -> 45731 | AA26: 45734 | AB26: =AA26-Z26 -> 3 | AC26: WF-004207
A27: 730007 | B27: A - Work May Proceed | C27: 05 | D27: 40-730007-4800001272-FHD-ELE-MAT-000016 | E27: 40-730007-4800001272-FHD-ELE-CRS-000032 | F27: 4800001272-FHD-CG - Material Submittal for Wires and Cables By Idahah - Bahra | G27: Material Submittal | H27: ELE - Electrical | I27: B- Incorporate Comments - Proceed | J27: 45608 | K27: FHD-TRANSMIT-000404 | L27: =J27+7 -> 45615 | M27: 45616 | N27: =M27-L27 -> 1 | O27: WF-001191 | P27: B- Incorporate Comments - Proceed | Q27: 45735 | R27: FHD-TRANSMIT-001547 | S27: =Q27+7 -> 45742 | T27: 45753 | U27: =T27-S27 -> 11 | V27: WF-004590 | W27: B- Incorporate Comments - Proceed | X27: 45754 | Y27: FHD-TRANSMIT-001631 | Z27: =X27+7 -> 45761 | AA27: 45763 | AB27: =AA27-Z27 -> 2 | AC27: WF-005066 | AD27: A - Work May Proceed | AE27: 45768 | AF27: FHD-TRANSMIT-001736 | AG27: =AE27+7 -> 45775 | AH27: 45777 | AI27: =AH27-AG27 -> 2 | AJ27: WF-005513 | AK27: A - Work May Proceed | AL27: 45804 | AM27: FHD-TRANSMIT-002043 | AN27: =AL27+7 -> 45811 | AO27: 45822 | AP27: =AO27-AN27 -> 11 | AQ27: WF-007064
A28: 730007 | B28: Cancelled | C28: XX | D28: 40-730007-4800001272-FHD-ELE-MAT-000017 | E28: 40-730007-4800001272-FHD-ELE-CRS-000034 | F28: 4800001272-FHD-CG - Material Submittal for Generator By Saudi Technical Co.- Cummins | G28: Material Submittal | H28: ELE - Electrical | I28: C - Revise and Resubmit - Do Not Proceed | J28: 45609 | K28: FHD-TRANSMIT-000419 | L28: =J28+7 -> 45616 | M28: 45617 | N28: =M28-L28 -> 1 | O28: WF-001225 | P28: Cancelled | Q28: 45650 | R28: FHD-TRANSMIT-000815 | S28: _ | T28: _ | U28: _ | V28: _ | CA28: Contractor will apply as another supplier as new submittal
A29: 730007 | B29: A - Work May Proceed | C29: 05 | D29: 40-730007-4800001272-FHD-ELE-MAT-000018 | E29: 40-730007-4800001272-FHD-ELE-CRS-000040 | F29: 4800001272-FHD-CG - Material Submittal for Wiring Devices By Edhaah - Legrand | G29: Material Submittal | H29: ELE - Electrical | I29: C - Revise and Resubmit - Do Not Proceed | J29: 45620 | K29: FHD-TRANSMIT-000499 | L29: =J29+7 -> 45627 | M29: 45623 | N29: =M29-L29 -> -4 | O29: WF-001506 | P29: B- Incorporate Comments - Proceed | Q29: 45630 | R29: FHD-TRANSMIT-000633 | S29: =Q29+7 -> 45637 | T29: 45635 | U29: =T29-S29 -> -2 | V29: WF-001822 | W29: B- Incorporate Comments - Proceed | X29: 45768 | Y29: FHD-TRANSMIT-001746 | Z29: =X29+7 -> 45775 | AA29: 45778 | AB29: =AA29-Z29 -> 3 | AC29: WF-005525 | AD29: B- Incorporate Comments - Proceed | AE29: 45786 | AF29: FHD-TRANSMIT-001898 | AG29: =AE29+7 -> 45793 | AH29: 45798 | AI29: =AH29-AG29 -> 5 | AJ29: WF-006255 | AK29: A - Work May Proceed | AL29: 45799 | AM29: FHD-TRANSMIT-002011 | AN29: =AL29+7 -> 45806 | AO29: 45809 | AP29: =AO29-AN29 -> 3 | AQ29: WF-006893
A30: 730007 | B30: Cancelled | C30: XX | D30: 40-730007-4800001272-FHD-ELE-MAT-000019 | E30: 40-730007-4800001272-FHD-ELE-CRS-000042 | F30: 4800001272-FHD-CG - Material Submittal for HDPE Pipe by Alwasail | G30: Material Submittal | H30: ELE - Electrical | I30: C - Revise and Resubmit - Do Not Proceed | J30: 45621 | K30: FHD-TRANSMIT-000508 | L30: =J30+7 -> 45628 | M30: 45623 | N30: =M30-L30 -> -5 | O30: WF-001528 | P30: Cancelled | Q30: 45878 | R30: FHD-TRANSMIT-002574
A31: 730007 | B31: Cancelled | C31: XX | D31: 40-730007-4800001272-FHD-ELE-MAT-000020 | E31: 40-730007-4800001272-FHD-ELE-CRS-000043 | F31: 4800001272-FHD-CG - Material Submittal for Cable Accessories Lugs Supply by Idahah -Elmassalla | G31: Material Submittal | H31: ELE - Electrical | I31: C - Revise and Resubmit - Do Not Proceed | J31: 45621 | K31: FHD-TRANSMIT-000509 | L31: =J31+7 -> 45628 | M31: 45624 | N31: =M31-L31 -> -4 | O31: WF-001529 | P31: Cancelled | Q31: 45824 | R31: FHD-TRANSMIT-002165
A32: 730007 | B32: Cancelled | C32: XX | D32: 40-730007-4800001272-FHD-ELE-MAT-000021 | E32: 40-730007-4800001272-FHD-ELE-CRS-000044 | F32: 4800001272-FHD-CG - Material Submittal for LED Lighting Fixture for Lighting Pole by Renewable Lighting Factory for Industry L.L.C (RLCO) | G32: Material Submittal | H32: ELE - Electrical | I32: C - Revise and Resubmit - Do Not Proceed | J32: 45621 | K32: FHD-TRANSMIT-000510 | L32: =J32+7 -> 45628 | M32: 45624 | N32: =M32-L32 -> -4 | O32: WF-001530 | P32: C - Revise and Resubmit - Do Not Proceed | Q32: 45654 | R32: FHD-TRANSMIT-000851 | S32: =Q32+7 -> 45661 | T32: 45663 | U32: =T32-S32 -> 2 | V32: WF-002348 | W32: Cancelled | X32: 45878 | Y32: FHD-TRANSMIT-002574
A33: 730007 | B33: A - Work May Proceed | C33: 01 | D33: 40-730007-4800001272-FHD-ELE-MAT-000022 | E33: 40-730007-4800001272-FHD-ELE-CRS-000048 | F33: 4800001272-FHD-CG - Material Submittal for Warning Tape By Idhaah - Glopal Source | G33: Material Submittal | H33: ELE - Electrical | I33: A - Work May Proceed | J33: 45628 | K33: FHD-TRANSMIT-000596 | L33: =J33+7 -> 45635 | M33: 45631 | N33: =M33-L33 -> -4 | O33: WF-001742
A34: 730007 | B34: A - Work May Proceed | C34: 10 | D34: 40-730007-4800001272-FHD-ELE-MAT-000023 | E34: 40-730007-4800001272-FHD-ELE-CRS-000049 | F34: 4800001272-FHD-CG - Material Submittal for Electrical Vehicle Charging System By Electrical House - Scame | G34: Material Submittal | H34: ELE - Electrical | I34: C - Revise and Resubmit - Do Not Proceed | J34: 45628 | K34: FHD-TRANSMIT-000597 | L34: =J34+7 -> 45635 | M34: 45641 | N34: =M34-L34 -> 6 | O34: WF-001746 | P34: B- Incorporate Comments - Proceed | Q34: 45647 | R34: FHD-TRANSMIT-000786 | S34: =Q34+7 -> 45654 | T34: 45656 | U34: =T34-S34 -> 2 | V34: WF-002213 | W34: B- Incorporate Comments - Proceed | X34: 45750 | Y34: FHD-TRANSMIT-001615 | Z34: =X34+7 -> 45757 | AA34: 45762 | AB34: =AA34-Z34 -> 5 | AC34: WF-004959 | AD34: B- Incorporate Comments - Proceed | AE34: 45768 | AF34: FHD-TRANSMIT-001737 | AG34: =AE34+7 -> 45775 | AH34: 45778 | AI34: =AH34-AG34 -> 3 | AJ34: WF-005522 | AK34: B- Incorporate Comments - Proceed | AL34: 45799 | AM34: FHD-TRANSMIT-002006 | AN34: =AL34+7 -> 45806 | AO34: 45809 | AP34: =AO34-AN34 -> 3 | AQ34: WF-006874 | AR34: B- Incorporate Comments - Proceed | AS34: 45845 | AT34: FHD-TRANSMIT-002296 | AU34: =AS34+7 -> 45852 | AV34: 45855 | AW34: =AV34-AU34 -> 3 | AX34: WF-009181 | AY34: B- Incorporate Comments - Proceed | AZ34: 45974 | BA34: FHD-TRANSMIT-003467 | BB34: =AZ34+7 -> 45981 | BC34: 45986 | BD34: =BC34-BB34 -> 5 | BE34: WF-014974 | BF34: B- Incorporate Comments - Proceed | BG34: 46062 | BH34: FHD-TRANSMIT-004408 | BI34: =BG34+7 -> 46069 | BJ34: 46074 | BK34: =BJ34-BI34 -> 5 | BL34: WF-019402 | BM34: B- Incorporate Comments - Proceed | BN34: 46121 | BO34: FHD-TRANSMIT-004976 | BP34: =BN34+7 -> 46128 | BQ34: 46138 | BR34: =BQ34-BP34 -> 10 | BS34: WF-022003 | BT34: A - Work May Proceed | BU34: 46139 | BV34: FHD-TRANSMIT-005201 | BW34: =BU34+7 -> 46146 | BX34: 46149 | BY34: =BX34-BW34 -> 3 | BZ34: WF-022940
A35: 730007 | B35: A - Work May Proceed | C35: 01 | D35: 40-730007-4800001272-FHD-ELE-MAT-000024 | E35: 40-730007-4800001272-FHD-ELE-CRS-000050 | F35: 4800001272-FHD-CG - Material Submittal for Cable Accessories / Lugs & Glands By Idahah (Raychem) | G35: Material Submittal | H35: ELE - Electrical | I35: A - Work May Proceed | J35: 45630 | K35: FHD-TRANSMIT-000622 | L35: =J35+7 -> 45637 | M35: 45634 | N35: =M35-L35 -> -3 | O35: WF-001787
A36: 730007 | B36: Cancelled | C36: XX | D36: 40-730007-4800001272-FHD-ELE-MAT-000025 | E36: 40-730007-4800001272-FHD-ELE-CRS-000051 | F36: 4800001272-FHD-CG - Material Submittal for UPS By Saudi Technic Energy Co. (Statron) | G36: Material Submittal | H36: ELE - Electrical | I36: C - Revise and Resubmit - Do Not Proceed | J36: 45630 | K36: FHD-TRANSMIT-000623 | L36: =J36+7 -> 45637 | M36: 45645 | N36: =M36-L36 -> 8 | O36: WF-001788 | P36: C - Revise and Resubmit - Do Not Proceed | Q36: 45655 | R36: FHD-TRANSMIT-000859 | S36: =Q36+7 -> 45662 | T36: 45683 | U36: =T36-S36 -> 21 | V36: WF-002360 | W36: C - Revise and Resubmit - Do Not Proceed | X36: 45686 | Y36: FHD-TRANSMIT-001133 | Z36: =X36+7 -> 45693 | AA36: 45692 | AB36: =AA36-Z36 -> -1 | AC36: WF-002896 | AD36: B- Incorporate Comments - Proceed | AE36: 45700 | AF36: FHD-TRANSMIT-001267 | AG36: =AE36+7 -> 45707 | AH36: 45712 | AI36: =AH36-AG36 -> 5 | AJ36: WF-003310 | AK36: B- Incorporate Comments - Proceed | AL36: 45805 | AM36: FHD-TRANSMIT-002063 | AN36: =AL36+7 -> 45812 | AO36: 45823 | AP36: =AO36-AN36 -> 11 | AQ36: WF-007152 | AR36: B- Incorporate Comments - Proceed | AS36: 45865 | AT36: FHD-TRANSMIT-002479 | AU36: =AS36+7 -> 45872 | AV36: 45873 | AW36: =AV36-AU36 -> 1 | AX36: WF-010489 | AY36: Cancelled | AZ36: 46070 | BA36: FHD-TRANSMIT-004478 | BB36: _ | BC36: _ | BD36: _ | BE36: _
A37: 730007 | B37: Cancelled | C37: XX | D37: 40-730007-4800001272-FHD-ELE-MAT-000026 | E37: 40-730007-4800001272-FHD-ELE-CRS-000052 | F37: 4800001272-FHD-CG - Material Submittal for Photovoltaic Solar Panel & Solar Inverters By Maani Solar Co. | G37: Material Submittal | H37: ELE - Electrical | I37: B- Incorporate Comments - Proceed | J37: 45630 | K37: FHD-TRANSMIT-000624 | L37: =J37+7 -> 45637 | M37: 45654 | N37: =M37-L37 -> 17 | O37: WF-001789 | P37: Cancelled | Q37: 45878 | R37: FHD-TRANSMIT-002574
A38: 730007 | B38: Cancelled | C38: XX | D38: 40-730007-4800001272-FHD-ELE-MAT-000027 | E38: 40-730007-4800001272-FHD-ELE-CRS-000053 | F38: 4800001272-FHD-CG - Material Submittal for Generator By CUMMINS | G38: Material Submittal | H38: ELE - Electrical | I38: C - Revise and Resubmit - Do Not Proceed | J38: 45631 | K38: FHD-TRANSMIT-000643 | L38: =J38+7 -> 45638 | M38: 45643 | N38: =M38-L38 -> 5 | O38: WF-001885 | P38: C - Revise and Resubmit - Do Not Proceed | Q38: 45654 | R38: FHD-TRANSMIT-000846 | S38: =Q38+7 -> 45661 | T38: 45665 | U38: =T38-S38 -> 4 | V38: WF-002340 | W38: Cancelled | X38: 45652 | Y38: FHD-TRANSMIT-000842
A39: 730007 | B39: A - Work May Proceed | C39: 02 | D39: 40-730007-4800001272-FHD-ELE-MAT-000028 | E39: 40-730007-4800001272-FHD-ELE-CRS-000055 | F39: 4800001272-FHD-CG - Material Submittal for PVC Pipe & Fitting by Idahah - (Saudi Ega) | G39: Material Submittal | H39: ELE - Electrical | I39: B- Incorporate Comments - Proceed | J39: 45634 | K39: FHD-TRANSMIT-000668 | L39: =J39+7 -> 45641 | M39: 45642 | N39: =M39-L39 -> 1 | O39: WF-001903 | P39: A - Work May Proceed | Q39: 45708 | R39: FHD-TRANSMIT-001342 | S39: =Q39+7 -> 45715 | T39: 45712 | U39: =T39-S39 -> -3 | V39: WF-003587
A40: 730007 | B40: A - Work May Proceed | C40: 03 | D40: 40-730007-4800001272-FHD-ELE-MAT-000029 | E40: 40-730007-4800001272-FHD-ELE-CRS-000056 | F40: 4800001272-FHD-CG - Material Submittal for Cable Tray-Ladder-Trunk By Bahra | G40: Material Submittal | H40: ELE - Electrical | I40: B- Incorporate Comments - Proceed | J40: 45635 | K40: FHD-TRANSMIT-000672 | L40: =J40+7 -> 45642 | M40: 45642 | N40: =M40-L40 -> 0 | O40: WF-001906 | P40: B- Incorporate Comments - Proceed | Q40: 45654 | R40: FHD-TRANSMIT-000847 | S40: =Q40+7 -> 45661 | T40: 45663 | U40: =T40-S40 -> 2 | V40: WF-002345 | W40: A - Work May Proceed | X40: 45709 | Y40: FHD-TRANSMIT-001347 | Z40: =X40+7 -> 45716 | AA40: 45713 | AB40: =AA40-Z40 -> -3 | AC40: WF-003588
A41: 730007 | B41: Cancelled | C41: XX | D41: 40-730007-4800001272-FHD-ELE-MAT-000030 | E41: 40-730007-4800001272-FHD-ELE-CRS-000059 | F41: 4800001272-FHD-CG - Material Submittal for Solar Panels By Fast Growth (Canadian Solar) | G41: Material Submittal | H41: ELE - Electrical | I41: B- Incorporate Comments - Proceed | J41: 45642 | K41: FHD-TRANSMIT-000733 | L41: =J41+7 -> 45649 | M41: 45649 | N41: =M41-L41 -> 0 | O41: WF-002109 | P41: Cancelled | Q41: 45652 | R41: FHD-TRANSMIT-000842
A42: 730007 | B42: A - Work May Proceed | C42: 01 | D42: 40-730007-4800001272-FHD-ELE-MAT-000031 | E42: 40-730007-4800001272-FHD-ELE-CRS-000062 | F42: 4800001272-FHD-CG - Material Submittal for UPVC Pipe & Fitting By Idahah - (Saudi Ega) | G42: Material Submittal | H42: ELE - Electrical | I42: A - Work May Proceed | J42: 45646 | K42: FHD-TRANSMIT-000774 | L42: =J42+7 -> 45653 | M42: 45650 | N42: =M42-L42 -> -3 | O42: WF-002200
A43: 730007 | B43: Cancelled | C43: XX | D43: 40-730007-4800001272-FHD-ELE-MAT-000032 | E43: 40-730007-4800001272-FHD-ELE-CRS-000063 | F43: 4800001272-FHD-CG - Material Submittal for Fire Alarm System By Alfahd (Edward) | G43: Material Submittal | H43: ELE - Electrical | I43: C - Revise and Resubmit - Do Not Proceed | J43: 45646 | K43: FHD-TRANSMIT-000775 | L43: =J43+7 -> 45653 | M43: 45673 | N43: =M43-L43 -> 20 | O43: WF-002201 | P43: Cancelled | Q43: 45652 | R43: FHD-TRANSMIT-000842
A44: 730007 | B44: A - Work May Proceed | C44: 03 | D44: 40-730007-4800001272-FHD-ELE-MAT-000033 | E44: 40-730007-4800001272-FHD-ELE-CRS-000064 | F44: 4800001272-FHD-CG - Material Submittal for Lighting Ex Proof By Idahah (Vyrtych) | G44: Material Submittal | H44: ELE - Electrical | I44: B- Incorporate Comments - Proceed | J44: 45646 | K44: FHD-TRANSMIT-000776 | L44: =J44+7 -> 45653 | M44: 45654 | N44: =M44-L44 -> 1 | O44: WF-002202 | P44: B- Incorporate Comments - Proceed | Q44: 45803 | R44: FHD-TRANSMIT-002033 | S44: =Q44+7 -> 45810 | T44: 45823 | U44: =T44-S44 -> 13 | V44: WF-007026 | W44: A - Work May Proceed | X44: 45836 | Y44: FHD-TRANSMIT-002239 | Z44: =X44+7 -> 45843 | AA44: 45851 | AB44: =AA44-Z44 -> 8 | AC44: WF-008658
A45: 730007 | B45: A - Work May Proceed | C45: 02 | D45: 40-730007-4800001272-FHD-ELE-MAT-000034 | E45: 40-730007-4800001272-FHD-ELE-CRS-000065 | F45: 4800001272-FHD-CG - Material Submittal for PLC, RTU Scada System By GulfNet Co. (Honeywell) | G45: Material Submittal | H45: ELE - Electrical | I45: B- Incorporate Comments - Proceed | J45: 45658 | K45: FHD-TRANSMIT-000883 | L45: =J45+7 -> 45665 | M45: 45769 | N45: =M45-L45 -> 104 | O45: WF-002774 | P45: A - Work May Proceed | Q45: 45838 | R45: FHD-TRANSMIT-002262 | S45: =Q45+7 -> 45845 | T45: 45855 | U45: =T45-S45 -> 10 | V45: WF-008818
A46: 730007 | B46: Cancelled | C46: XX | D46: 40-730007-4800001272-FHD-ELE-MAT-000035 | E46: 40-730007-4800001272-FHD-ELE-CRS-000066 | F46: 4800001272-FHD-CG - Material Submittal for Lighting Fixtures By Saudi Lighting Co (Philips-SLC) | G46: Material Submittal | H46: ELE - Electrical | I46: B- Incorporate Comments - Proceed | J46: 45658 | K46: FHD-TRANSMIT-000884 | L46: =J46+7 -> 45665 | M46: 45677 | N46: =M46-L46 -> 12 | O46: WF-002402 | P46: Cancelled | Q46: 46070 | R46: FHD-TRANSMIT-004478 | S46: _ | T46: _ | U46: _ | V46: _
A47: 730007 | B47: FA | C47: 04 | D47: 40-730007-4800001272-FHD-ELE-MAT-000036 | E47: 40-730007-4800001272-FHD-ELE-CRS-000067 | F47: 4800001272-FHD-CG - Material Submittal for Solar Inverter By Fast Growth Energies (Chnt) | G47: Material Submittal | H47: ELE - Electrical | I47: B- Incorporate Comments - Proceed | J47: 45662 | K47: FHD-TRANSMIT-000923 | L47: =J47+7 -> 45669 | M47: 45677 | N47: =M47-L47 -> 8 | O47: WF-002463 | P47: B- Incorporate Comments - Proceed | Q47: 45733 | R47: FHD-TRANSMIT-001522 | S47: =Q47+7 -> 45740 | T47: 45753 | U47: =T47-S47 -> 13 | V47: WF-004440 | W47: B- Incorporate Comments - Proceed | X47: 46233 | Y47: FHD-TRANSMIT-006165 | Z47: =X47+7 -> 46240 | AA47: 46244 | AB47: =AA47-Z47 -> 4 | AC47: WF-027415 | AD47: FA | AE47: 46257 | AF47: FHD-TRANSMIT-006329 | AG47: =AE47+7 -> 46264 | AI47: =AH47-AG47 -> -46264
A48: 730007 | B48: A - Work May Proceed | C48: 02 | D48: 40-730007-4800001272-FHD-ELE-MAT-000037 | E48: 40-730007-4800001272-FHD-ELE-CRS-000068 | F48: 4800001272-FHD-CG - Material Submittal for Solar Cable By Fast Growth Energies Co. (MESC) | G48: Material Submittal | H48: ELE - Electrical | I48: B- Incorporate Comments - Proceed | J48: 45664 | K48: FHD-TRANSMIT-000937 | L48: =J48+7 -> 45671 | M48: 45678 | N48: =M48-L48 -> 7 | O48: WF-002497 | P48: A - Work May Proceed | Q48: 45733 | R48: FHD-TRANSMIT-001523 | S48: =Q48+7 -> 45740 | T48: 45753 | U48: =T48-S48 -> 13 | V48: WF-004441
A49: 730007 | B49: A - Work May Proceed | C49: 06 | D49: 40-730007-4800001272-FHD-ELE-MAT-000038 | E49: 40-730007-4800001272-FHD-ELE-CRS-000070 | F49: 4800001272-FHD-CG - Material Submittal for Panel and Electrical Material for Fuel System By Integrated Engineering Contracting Co. | G49: Material Submittal | H49: ELE - Electrical | I49: C - Revise and Resubmit - Do Not Proceed | J49: 45672 | K49: FHD-TRANSMIT-001017 | L49: =J49+7 -> 45679 | M49: 45686 | N49: =M49-L49 -> 7 | O49: WF-002620 | P49: C - Revise and Resubmit - Do Not Proceed | Q49: 45709 | R49: FHD-TRANSMIT-001346 | S49: =Q49+7 -> 45716 | T49: 45718 | U49: =T49-S49 -> 2 | V49: WF-003589 | W49: C - Revise and Resubmit - Do Not Proceed | X49: 45783 | Y49: FHD-TRANSMIT-001879 | Z49: =X49+7 -> 45790 | AA49: 45788 | AB49: =AA49-Z49 -> -2 | AC49: WF-006132 | AD49: C - Revise and Resubmit - Do Not Proceed | AE49: 45812 | AF49: FHD-TRANSMIT-002123 | AG49: =AE49+7 -> 45819 | AH49: 45830 | AI49: =AH49-AG49 -> 11 | AJ49: WF-007512 | AK49: B- Incorporate Comments - Proceed | AL49: 45840 | AM49: FHD-TRANSMIT-002280 | AN49: =AL49+7 -> 45847 | AO49: 45853 | AP49: =AO49-AN49 -> 6 | AQ49: WF-008993 | AR49: A - Work May Proceed | AS49: 46054 | AT49: FHD-TRANSMIT-004271 | AU49: =AS49+7 -> 46061 | AV49: 46064 | AW49: =AV49-AU49 -> 3 | AX49: WF-018976
A50: 730007 | B50: A - Work May Proceed | C50: 10 | D50: 40-730007-4800001272-FHD-ELE-MAT-000039 | E50: 40-730007-4800001272-FHD-ELE-CRS-000071 | F50: 4800001272-FHD-CG - Material Submittal for Generator By Saudi Technical Co. (IPS) | G50: Material Submittal | H50: ELE - Electrical | I50: C - Revise and Resubmit - Do Not Proceed | J50: 45672 | K50: FHD-TRANSMIT-001018 | L50: =J50+7 -> 45679 | M50: 45685 | N50: =M50-L50 -> 6 | O50: WF-002621 | P50: C - Revise and Resubmit - Do Not Proceed | Q50: 45689 | R50: FHD-TRANSMIT-001170 | S50: =Q50+7 -> 45696 | T50: 45694 | U50: =T50-S50 -> -2 | V50: WF-002972 | W50: B- Incorporate Comments - Proceed | X50: 45700 | Y50: FHD-TRANSMIT-001266 | Z50: =X50+7 -> 45707 | AA50: 45705 | AB50: =AA50-Z50 -> -2 | AC50: WF-003309 | AD50: B- Incorporate Comments - Proceed | AE50: 45812 | AF50: FHD-TRANSMIT-002132 | AG50: =AE50+7 -> 45819 | AH50: 45830 | AI50: =AH50-AG50 -> 11 | AJ50: WF-007597 | AK50: B- Incorporate Comments - Proceed | AL50: 45841 | AM50: FHD-TRANSMIT-002281 | AN50: =AL50+7 -> 45848 | AO50: 45853 | AP50: =AO50-AN50 -> 5 | AQ50: WF-008994 | AR50: B- Incorporate Comments - Proceed | AS50: 45953 | AT50: FHD-TRANSMIT-003206 | AU50: =AS50+7 -> 45960 | AV50: 45964 | AW50: =AV50-AU50 -> 4 | AX50: WF-014255 | AY50: B- Incorporate Comments - Proceed | AZ50: 45978 | BA50: FHD-TRANSMIT-003534 | BB50: =AZ50+7 -> 45985 | BC50: 45984 | BD50: =BC50-BB50 -> -1 | BE50: WF-015222 | BF50: B- Incorporate Comments - Proceed | BG50: 46023 | BH50: FHD-TRANSMIT-003965 | BI50: =BG50+7 -> 46030 | BJ50: 46033 | BK50: =BJ50-BI50 -> 3 | BL50: WF-017523 | BM50: B- Incorporate Comments - Proceed | BN50: 46053 | BO50: FHD-TRANSMIT-004269 | BP50: =BN50+7 -> 46060 | BQ50: 46063 | BR50: =BQ50-BP50 -> 3 | BS50: WF-018903 | BT50: A - Work May Proceed | BU50: 46093 | BV50: FHD-TRANSMIT-004681 | BW50: =BU50+7 -> 46100 | BX50: 46106 | BY50: =BX50-BW50 -> 6 | BZ50: WF-020793
A51: 730007 | B51: A - Work May Proceed | C51: 02 | D51: 40-730007-4800001272-FHD-ELE-MAT-000040 | E51: 40-730007-4800001272-FHD-ELE-CRS-000072 | F51: 4800001272-FHD-CG - Material Submittal for Steel Box By Al Fahd Idahah (ABB) | G51: Material Submittal | H51: ELE - Electrical | I51: B- Incorporate Comments - Proceed | J51: 45681 | K51: FHD-TRANSMIT-001092 | L51: =J51+7 -> 45688 | M51: 45686 | N51: =M51-L51 -> -2 | O51: WF-002795 | P51: A - Work May Proceed | Q51: 45709 | R51: FHD-TRANSMIT-001348 | S51: =Q51+7 -> 45716 | T51: 45717 | U51: =T51-S51 -> 1 | V51: WF-003590
A52: 730007 | B52: A - Work May Proceed | C52: 02 | D52: 40-730007-4800001272-FHD-ELE-MAT-000041 | E52: 40-730007-4800001272-FHD-ELE-CRS-000073 | F52: 4800001272-FHD-CG - Material Submittal for Lighting Control By Saudi Lighting Company (Philips-SLC) | G52: Material Submittal | H52: ELE - Electrical | I52: C - Revise and Resubmit - Do Not Proceed | J52: 45683 | K52: FHD-TRANSMIT-001110 | L52: =J52+7 -> 45690 | M52: 45694 | N52: =M52-L52 -> 4 | O52: WF-002840 | P52: A - Work May Proceed | Q52: 45756 | R52: FHD-TRANSMIT-001653 | S52: =Q52+7 -> 45763 | T52: 45767 | U52: =T52-S52 -> 4 | V52: WF-005150
A53: 730007 | B53: B- Incorporate Comments - Proceed | C53: 03 | D53: 40-730007-4800001272-FHD-ELE-MAT-000042 | E53: 40-730007-4800001272-FHD-ELE-CRS-000074 | F53: 4800001272-FHD-CG - Material Submittal for Solar Panels By Fast Growth (Canadian Solar) | G53: Material Submittal | H53: ELE - Electrical | I53: B- Incorporate Comments - Proceed | J53: 45686 | K53: FHD-TRANSMIT-001132 | L53: =J53+7 -> 45693 | M53: 45700 | N53: =M53-L53 -> 7 | O53: WF-002894 | P53: B- Incorporate Comments - Proceed | Q53: 45733 | R53: FHD-TRANSMIT-001524 | S53: =Q53+7 -> 45740 | T53: 45753 | U53: =T53-S53 -> 13 | V53: WF-004442 | W53: B- Incorporate Comments - Proceed | X53: 45759 | Y53: FHD-TRANSMIT-001661 | Z53: =X53+7 -> 45766 | AA53: 45768 | AB53: =AA53-Z53 -> 2 | AC53: WF-005211
A54: 730007 | B54: C - Revise and Resubmit - Do Not Proceed | C54: 03 | D54: 40-730007-4800001272-FHD-ELE-MAT-000043 | E54: 40-730007-4800001272-FHD-ELE-CRS-000082 | F54: 4800001272-FHD-CG - Material Submittal for DB Solar System By Fast Growth Energies Co. (Ercon) | G54: Material Submittal | H54: ELE - Electrical | I54: C - Revise and Resubmit - Do Not Proceed | J54: 45706 | K54: FHD-TRANSMIT-001318 | L54: =J54+7 -> 45713 | M54: 45718 | N54: =M54-L54 -> 5 | O54: WF-003475 | P54: C - Revise and Resubmit - Do Not Proceed | Q54: 45750 | R54: FHD-TRANSMIT-001616 | S54: =Q54+7 -> 45757 | T54: 45757 | U54: =T54-S54 -> 0 | V54: WF-004967 | W54: C - Revise and Resubmit - Do Not Proceed | X54: 45759 | Y54: FHD-TRANSMIT-001663 | Z54: =X54+7 -> 45766 | AA54: 45768 | AB54: =AA54-Z54 -> 2 | AC54: WF-005212
A55: 730007 | B55: Cancelled | C55: XX | D55: 40-730007-4800001272-FHD-ELE-MAT-000044 | E55: 40-730007-4800001272-FHD-ELE-CRS-000088 | F55: 4800001272-FHD-CG - Material Submittal for Lighting Fixtures Supply By Armada | G55: Material Submittal | H55: ELE - Electrical | I55: B- Incorporate Comments - Proceed | J55: 45726 | K55: FHD-TRANSMIT-001475 | L55: =J55+7 -> 45733 | M55: 45739 | N55: =M55-L55 -> 6 | O55: WF-004266 | P55: C - Revise and Resubmit - Do Not Proceed | Q55: 45781 | R55: FHD-TRANSMIT-001848 | S55: =Q55+7 -> 45788 | T55: 45790 | U55: =T55-S55 -> 2 | V55: WF-006010 | W55: Cancelled | X55: 45824 | Y55: FHD-TRANSMIT-002165
A56: 730007 | B56: Cancelled | C56: XX | D56: 40-730007-4800001272-FHD-ELE-MAT-000045 | E56: 40-730007-4800001272-FHD-ELE-CRS-000090 | F56: 4800001272-FHD-CG - Material Submittal for Panel and Electrical Material for Fuel System By Delta Plus Trading Co. | G56: Material Submittal | H56: ELE - Electrical | I56: C - Revise and Resubmit - Do Not Proceed | J56: 45728 | K56: FHD-TRANSMIT-001495 | L56: =J56+7 -> 45735 | M56: 45741 | N56: =M56-L56 -> 6 | O56: WF-004313 | P56: Cancelled | Q56: 45824 | R56: FHD-TRANSMIT-002165
A57: 730007 | B57: B- Incorporate Comments - Proceed | C57: 07 | D57: 40-730007-4800001272-FHD-ELE-MAT-000046 | E57: 40-730007-4800001272-FHD-ELE-CRS-000094 | F57: 4800001272-FHD-CG - Material Submittal for LED Lighting Fixture & Lighting Pole By Renewable Lighting Factory for Industry L.L.C (RLCO) | G57: Material Submittal | H57: ELE - Electrical | I57: B- Incorporate Comments - Proceed | J57: 45741 | K57: FHD-TRANSMIT-001598 | L57: =J57+7 -> 45748 | M57: 45767 | N57: =M57-L57 -> 19 | O57: WF-004842 | P57: C - Revise and Resubmit - Do Not Proceed | Q57: 45786 | R57: FHD-TRANSMIT-001901 | S57: =Q57+7 -> 45793 | T57: 45797 | U57: =T57-S57 -> 4 | V57: WF-006258 | W57: C - Revise and Resubmit - Do Not Proceed | X57: 45810 | Y57: FHD-TRANSMIT-002104 | Z57: =X57+7 -> 45817 | AA57: 45823 | AB57: =AA57-Z57 -> 6 | AC57: WF-007341 | AD57: C - Revise and Resubmit - Do Not Proceed | AE57: 45841 | AF57: FHD-TRANSMIT-002287 | AG57: =AE57+7 -> 45848 | AH57: 45853 | AI57: =AH57-AG57 -> 5 | AJ57: WF-009042 | AK57: B- Incorporate Comments - Proceed | AL57: 46008 | AM57: FHD-TRANSMIT-003845 | AN57: =AL57+7 -> 46015 | AO57: 46016 | AP57: =AO57-AN57 -> 1 | AQ57: WF-016947 | AR57: B- Incorporate Comments - Proceed | AS57: 46141 | AT57: FHD-TRANSMIT-005243 | AU57: =AS57+7 -> 46148 | AV57: 46153 | AW57: =AV57-AU57 -> 5 | AX57: WF-023138 | AY57: B- Incorporate Comments - Proceed | AZ57: 46225 | BA57: FHD-TRANSMIT-006084 | BB57: =AZ57+7 -> 46232 | BC57: 46236 | BD57: =BC57-BB57 -> 4 | BE57: WF-026935
A58: 730007 | B58: Cancelled | C58: XX | D58: 40-730007-4800001272-FHD-ELE-MAT-000047 | E58: 40-730007-4800001272-FHD-ELE-CRS-000096 | F58: 4800001272-FHD-CG - Material Submittal for Arm Barriers By Rokket Roger | G58: Material Submittal | H58: ELE - Electrical | I58: C - Revise and Resubmit - Do Not Proceed | J58: 45768 | K58: FHD-TRANSMIT-001739 | L58: =J58+7 -> 45775 | M58: 45778 | N58: =M58-L58 -> 3 | O58: WF-005523 | P58: Cancelled | Q58: 45921 | R58: FHD-TRANSMIT-002922 | S58: _ | T58: _ | U58: _
A59: 730007 | B59: A - Work May Proceed | C59: 03 | D59: 40-730007-4800001272-FHD-ELE-MAT-000048 | E59: 40-730007-4800001272-FHD-ELE-CRS-000103 | F59: 4800001272-FHD-CG - Material Submittal for Socket & Switch EX By Elsewedy (Cortem) | G59: Material Submittal | H59: ELE - Electrical | I59: C - Revise and Resubmit - Do Not Proceed | J59: 45782 | K59: FHD-TRANSMIT-001860 | L59: =J59+7 -> 45789 | M59: 45790 | N59: =M59-L59 -> 1 | O59: WF-006052 | P59: C - Revise and Resubmit - Do Not Proceed | Q59: 45794 | R59: FHD-TRANSMIT-001961 | S59: =Q59+7 -> 45801 | T59: 45802 | U59: =T59-S59 -> 1 | V59: WF-006537 | W59: A - Work May Proceed | X59: 45808 | Y59: FHD-TRANSMIT-002088 | Z59: =X59+7 -> 45815 | AA59: 45823 | AB59: =AA59-Z59 -> 8 | AC59: WF-007296
A60: 000000 | B60: A - Work May Proceed | C60: 02 | D60: 40-000000-4800001272-FHD-ELE-MAT-000001 | E60: 40-000000-4800001272-FHD-ELE-CRS-000001 | F60: 4800001272-FHD-CG - Material Submittal for Steel Box By Al Fahd Idahah (TCCC) | G60: Material Submittal | H60: ELE - Electrical | I60: B- Incorporate Comments - Proceed | J60: 45803 | K60: FHD-TRANSMIT-002035 | L60: =J60+7 -> 45810 | M60: 04-06-25 | N60: =M60-L60 -> 2 | O60: WF-007027 | P60: A - Work May Proceed | Q60: 45946 | R60: FHD-TRANSMIT-003146 | S60: =Q60+7 -> 45953 | T60: 45950 | U60: =T60-S60 -> -3 | V60: WF-014028
A61: 000000 | B61: A - Work May Proceed | C61: 05 | D61: 40-000000-4800001272-FHD-ELE-MAT-000002 | E61: 40-000000-4800001272-FHD-ELE-CRS-000002 | F61: 4800001272-FHD-CG - Material Submittal for Panel Board By ERCO Company | G61: Material Submittal | H61: ELE - Electrical | I61: C - Revise and Resubmit - Do Not Proceed | J61: 45805 | K61: FHD-TRANSMIT-002057 | L61: =J61+7 -> 45812 | M61: 45822 | N61: =M61-L61 -> 10 | O61: WF-007150 | P61: C - Revise and Resubmit - Do Not Proceed | Q61: 45834 | R61: FHD-TRANSMIT-002230 | S61: =Q61+7 -> 45841 | T61: 45851 | U61: =T61-S61 -> 10 | V61: WF-008561 | W61: B- Incorporate Comments - Proceed | X61: 45862 | Y61: FHD-TRANSMIT-002459 | Z61: =X61+7 -> 45869 | AA61: 45865 | AB61: =AA61-Z61 -> -4 | AC61: WF-010338 | AD61: C - Revise and Resubmit - Do Not Proceed | AE61: 45875 | AF61: FHD-TRANSMIT-002549 | AG61: =AE61+7 -> 45882 | AH61: 45882 | AI61: =AH61-AG61 -> 0 | AJ61: WF-011137 | AK61: A - Work May Proceed | AL61: 45887 | AM61: FHD-TRANSMIT-002645 | AN61: =AL61+7 -> 45894 | AO61: 45893 | AP61: =AO61-AN61 -> -1 | AQ61: WF-011700
A62: 000000 | B62: A - Work May Proceed | C62: 07 | D62: 40-000000-4800001272-FHD-ELE-MAT-000003 | E62: 40-000000-4800001272-FHD-ELE-CRS-000003 | F62: 4800001272-FHD-CG - Material Submittal for Busway By ERCO (LINKK) | G62: Material Submittal | H62: ELE - Electrical | I62: C - Revise and Resubmit - Do Not Proceed | J62: 45864 | K62: FHD-TRANSMIT-002467 | L62: =J62+7 -> 45871 | M62: 45874 | N62: =M62-L62 -> 3 | O62: WF-010381 | P62: C - Revise and Resubmit - Do Not Proceed | Q62: 45906 | R62: FHD-TRANSMIT-002802 | S62: =Q62+7 -> 45913 | T62: 45914 | U62: =T62-S62 -> 1 | V62: WF-012534 | W62: C - Revise and Resubmit - Do Not Proceed | X62: 45924 | Y62: FHD-TRANSMIT-002960 | Z62: =X62+7 -> 45931 | AA62: 45930 | AB62: =AA62-Z62 -> -1 | AC62: WF-013165 | AD62: B- Incorporate Comments - Proceed | AE62: 45937 | AF62: FHD-TRANSMIT-003077 | AG62: =AE62+7 -> 45944 | AH62: 45953 | AI62: =AH62-AG62 -> 9 | AJ62: WF-013655 | AK62: C - Revise and Resubmit - Do Not Proceed | AL62: 45965 | AM62: FHD-TRANSMIT-003336 | AN62: =AL62+7 -> 45972 | AO62: 45970 | AP62: =AO62-AN62 -> -2 | AQ62: WF-014642 | AR62: B- Incorporate Comments - Proceed | AS62: 45973 | AT62: FHD-TRANSMIT-003453 | AU62: =AS62+7 -> 45980 | AV62: 45985 | AW62: =AV62-AU62 -> 5 | AX62: WF-015005 | AY62: A - Work May Proceed | AZ62: 46004 | BA62: FHD-TRANSMIT-003764 | BB62: =AZ62+7 -> 46011 | BC62: 46014 | BD62: =BC62-BB62 -> 3 | BE62: WF-016609
A63: 000000 | B63: A - Work May Proceed | C63: 06 | D63: 40-000000-4800001272-FHD-ELE-MAT-000004 | E63: 40-000000-4800001272-FHD-ELE-CRS-000004 | F63: 4800001272-FHD-CG - Material Submittal for UPS BY WTHD | G63: Material Submittal | H63: ELE - Electrical | I63: C - Revise and Resubmit - Do Not Proceed | J63: 45897 | K63: FHD-TRANSMIT-002748 | L63: =J63+7 -> 45904 | M63: 45906 | N63: =M63-L63 -> 2 | O63: WF-012198 | P63: B- Incorporate Comments - Proceed | Q63: 45909 | R63: FHD-TRANSMIT-002826 | S63: =Q63+7 -> 45916 | T63: 45915 | U63: =T63-S63 -> -1 | V63: WF-012618 | W63: B- Incorporate Comments - Proceed | X63: 46107 | Y63: FHD-TRANSMIT-004792 | Z63: =X63+7 -> 46114 | AA63: 46118 | AB63: =AA63-Z63 -> 4 | AC63: WF-021262 | AD63: B- Incorporate Comments - Proceed | AE63: 46190 | AF63: FHD-TRANSMIT-005720 | AG63: =AE63+7 -> 46197 | AH63: 46202 | AI63: =AH63-AG63 -> 5 | AJ63: WF-025068 | AK63: B- Incorporate Comments - Proceed | AL63: 46202 | AM63: FHD-TRANSMIT-005858 | AN63: =AL63+7 -> 46209 | AO63: 46215 | AP63: =AO63-AN63 -> 6 | AQ63: WF-025647 | AR63: A - Work May Proceed | AS63: 46216 | AT63: FHD-TRANSMIT-006022 | AU63: =AS63+7 -> 46223 | AV63: 46218 | AW63: =AV63-AU63 -> -5 | AX63: WF-026436
A64: 000000 | B64: A - Work May Proceed | C64: 02 | D64: 40-000000-4800001272-FHD-ELE-MAT-000005 | E64: 40-000000-4800001272-FHD-ELE-CRS-000005 | F64: 4800001272-FHD-CG - Material Submittal for HDG Cable tray & Trunk By Bahra | G64: Material Submittal | H64: ELE - Electrical | I64: B- Incorporate Comments - Proceed | J64: 45917 | K64: FHD-TRANSMIT-002886 | L64: =J64+7 -> 45924 | M64: 45928 | N64: =M64-L64 -> 4 | O64: WF-012928 | P64: A - Work May Proceed | Q64: 46135 | R64: FHD-TRANSMIT-005139 | S64: =Q64+7 -> 46142 | T64: 46145 | U64: =T64-S64 -> 3 | V64: WF-022757
A65: 000000 | B65: A - Work May Proceed | C65: 05 | D65: 40-000000-4800001272-FHD-ELE-MAT-000006 | E65: 40-000000-4800001272-FHD-ELE-CRS-000006 | F65: 4800001272-FHD-CG - Material Submittal for MV Cable By Bahra | G65: Material Submittal | H65: ELE - Electrical | I65: C - Revise and Resubmit - Do Not Proceed | J65: 45922 | K65: FHD-TRANSMIT-002952 | L65: =J65+7 -> 45929 | M65: 45931 | N65: =M65-L65 -> 2 | O65: WF-013161 | P65: C - Revise and Resubmit - Do Not Proceed | Q65: 45976 | R65: FHD-TRANSMIT-003488 | S65: =Q65+7 -> 45983 | T65: 45980 | U65: =T65-S65 -> -3 | V65: WF-015126 | W65: B- Incorporate Comments - Proceed | X65: 45984 | Y65: FHD-TRANSMIT-003600 | Z65: =X65+7 -> 45991 | AA65: 45993 | AB65: =AA65-Z65 -> 2 | AC65: WF-015571 | AD65: B- Incorporate Comments - Proceed | AE65: 46085 | AF65: FHD-TRANSMIT-004588 | AG65: =AE65+7 -> 46092 | AH65: 46097 | AI65: =AH65-AG65 -> 5 | AJ65: WF-020466 | AK65: A - Work May Proceed | AL65: 46186 | AM65: FHD-TRANSMIT-005690 | AN65: =AL65+7 -> 46193 | AO65: 46194 | AP65: =AO65-AN65 -> 1 | AQ65: WF-024857
A66: 000000 | B66: A - Work May Proceed | C66: 03 | D66: 40-000000-4800001272-FHD-ELE-MAT-000007 | E66: 40-000000-4800001272-FHD-ELE-CRS-000007 | F66: 4800001272-FHD-CG - Material Submittal for HEAT SHRINK TUBING HVOT by Idahah Co | G66: Material Submittal | H66: ELE - Electrical | I66: C - Revise and Resubmit - Do Not Proceed | J66: 45974 | K66: FHD-TRANSMIT-003475 | L66: =J66+7 -> 45981 | M66: 45984 | N66: =M66-L66 -> 3 | O66: WF-015082 | P66: B- Incorporate Comments - Proceed | Q66: 45994 | R66: FHD-TRANSMIT-003699 | S66: =Q66+7 -> 46001 | T66: 46005 | U66: =T66-S66 -> 4 | V66: WF-016193 | W66: A - Work May Proceed | X66: 46054 | Y66: FHD-TRANSMIT-004281 | Z66: =X66+7 -> 46061 | AA66: 46076 | AB66: =AA66-Z66 -> 15 | AC66: WF-019528
A67: 000000 | B67: A - Work May Proceed | C67: 08 | D67: 40-000000-4800001272-FHD-ELE-MAT-000008 | E67: 40-000000-4800001272-FHD-ELE-CRS-000008 | F67: 4800001272-FHD-CG - Material Submittal for Electrical Panel for Sump Pump by El-Mawraqi (GRUNDFOS) | G67: Material Submittal | H67: ELE - Electrical | I67: B- Incorporate Comments - Proceed | J67: 45999 | K67: FHD-TRANSMIT-003727 | L67: =J67+7 -> 46006 | M67: 46014 | N67: =M67-L67 -> 8 | O67: WF-016377 | P67: B- Incorporate Comments - Proceed | Q67: 46030 | R67: FHD-TRANSMIT-004037 | S67: =Q67+7 -> 46037 | T67: 46042 | U67: =T67-S67 -> 5 | V67: WF-017836 | W67: B- Incorporate Comments - Proceed | X67: 46084 | Y67: FHD-TRANSMIT-004578 | Z67: =X67+7 -> 46091 | AA67: 46093 | AB67: =AA67-Z67 -> 2 | AC67: WF-020394 | AD67: C - Revise and Resubmit - Do Not Proceed | AE67: 46113 | AF67: FHD-TRANSMIT-004874 | AG67: =AE67+7 -> 46120 | AH67: 46126 | AI67: =AH67-AG67 -> 6 | AJ67: WF-021537 | AK67: B- Incorporate Comments - Proceed | AL67: 46126 | AM67: FHD-TRANSMIT-005033 | AN67: =AL67+7 -> 46133 | AO67: 46142 | AP67: =AO67-AN67 -> 9 | AQ67: WF-022257 | AR67: B- Incorporate Comments - Proceed | AS67: 46165 | AT67: FHD-TRANSMIT-005553 | AU67: =AS67+7 -> 46172 | AV67: 46174 | AW67: =AV67-AU67 -> 2 | AX67: WF-024268 | AY67: C - Revise and Resubmit - Do Not Proceed | AZ67: 46176 | BA67: FHD-TRANSMIT-005610 | BB67: =AZ67+7 -> 46183 | BC67: 46187 | BD67: =BC67-BB67 -> 4 | BE67: WF-024470 | BF67: A - Work May Proceed | BG67: 46205 | BH67: FHD-TRANSMIT-005895 | BI67: =BG67+7 -> 46212 | BJ67: 46215 | BK67: =BJ67-BI67 -> 3 | BL67: WF-025847
A68: 000000 | B68: A - Work May Proceed | C68: 01 | D68: 40-000000-4800001272-FHD-ELE-MAT-000009 | E68: 40-000000-4800001272-FHD-ELE-CRS-000009 | F68: 4800001272-FHD-CG - Material Submittal for Cathodic Protection Cable by Jeddah Cables Company | G68: Material Submittal | H68: ELE - Electrical | I68: A - Work May Proceed | J68: 46090 | K68: FHD-TRANSMIT-004647 | L68: =J68+7 -> 46097 | M68: 46091 | N68: =M68-L68 -> -6 | O68: WF-020684
A69: 000000 | B69: A - Work May Proceed | C69: 04 | D69: 40-000000-4800001272-FHD-ELE-MAT-000010 | E69: 40-000000-4800001272-FHD-ELE-CRS-000010 | F69: 4800001272-FHD-CG - Material Submittal for Busway By Bahra (TBS) | G69: Material Submittal | H69: ELE - Electrical | I69: B- Incorporate Comments - Proceed | J69: 46116 | K69: FHD-TRANSMIT-004902 | L69: =J69+7 -> 46123 | M69: 46123 | N69: =M69-L69 -> 0 | O69: WF-021661 | P69: B- Incorporate Comments - Proceed | Q69: 46139 | R69: FHD-TRANSMIT-005203 | S69: =Q69+7 -> 46146 | T69: 46147 | U69: =T69-S69 -> 1 | V69: WF-022930 | W69: C - Revise and Resubmit - Do Not Proceed | X69: 46160 | Y69: FHD-TRANSMIT-005492 | Z69: =X69+7 -> 46167 | AA69: 46175 | AB69: =AA69-Z69 -> 8 | AC69: WF-024010 | AD69: A - Work May Proceed | AE69: 46200 | AF69: FHD-TRANSMIT-005824 | AG69: =AE69+7 -> 46207 | AH69: 46209 | AI69: =AH69-AG69 -> 2 | AJ69: WF-025496
A70: 000000 | B70: C - Revise and Resubmit - Do Not Proceed | C70: 02 | D70: 40-000000-4800001272-FHD-ELE-MAT-000011 | E70: 40-000000-4800001272-FHD-ELE-CRS-000011 | F70: 4800001272-FHD-CG-Material Submittal For Fixed Bollard By Stebilex Systems Trading CO | G70: Material Submittal | H70: ELE - Electrical | I70: C - Revise and Resubmit - Do Not Proceed | J70: 46194 | K70: FHD-TRANSMIT-005754 | L70: =J70+7 -> 46201 | M70: 46198 | N70: =M70-L70 -> -3 | O70: WF-025217 | P70: C - Revise and Resubmit - Do Not Proceed | Q70: 46201 | R70: FHD-TRANSMIT-005840 | S70: =Q70+7 -> 46208 | T70: 46208 | U70: =T70-S70 -> 0 | V70: WF-025541
A71: 000000 | B71: ur | C71: 02 | D71: 40-000000-4800001272-FHD-ELE-MAT-000012 | E71: 40-000000-4800001272-FHD-ELE-CRS-000012 | F71: 4800001272-FHD-CG - Material Submittal for Smart Metering Ring Main Unit By Al Fanar Co. | G71: Material Submittal | H71: ELE - Electrical | I71: B- Incorporate Comments - Proceed | J71: 46200 | K71: FHD-TRANSMIT-005818 | L71: =J71+7 -> 46207 | M71: 46223 | N71: =M71-L71 -> 16 | O71: WF-025441 | P71: ur | Q71: 46264 | R71: FHD-TRANSMIT-006396 | S71: =Q71+7 -> 46271 | U71: =T71-S71 -> -46271
A72: 000000 | B72: A - Work May Proceed | C72: 01 | D72: 40-000000-4800001272-FHD-ELE-MAT-000013 | E72: 40-000000-4800001272-FHD-ELE-CRS-000013 | F72: 4800001272-FHD-CG - Material Submittal For Alu-Zinc Spray by Soudal Saudi Arabia | G72: Material Submittal | H72: ELE - Electrical | I72: A - Work May Proceed | J72: 46209 | K72: FHD-TRANSMIT-005943 | L72: =J72+7 -> 46216 | M72: 46216 | N72: =M72-L72 -> 0 | O72: WF-026006
A73: 000000 | B73: fa | C73: 01 | D73: 40-000000-4800001272-FHD-ELE-MAT-000014 | E73: 40-000000-4800001272-FHD-ELE-CRS-000014 | F73: 4800001272-FHD-CG - Material Submittal for UPS Panels & Electric Vehicle Charging Distribution Board) by ERCON | G73: Material Submittal | H73: ELE - Electrical | I73: FA | J73: 46261 | K73: FHD-TRANSMIT-006371 | L73: =J73+7 -> 46268 | N73: =M73-L73 -> -46268

Sheet ARC - MAT
B1: Contract Title: | C1: 4800001272-FHD-Construction of OXAGON Coast Guard Facilities | H1: Date: | I1: =TODAY() -> 46266
B2: Type of Doc: | C2: Material Submittal (MAT)
B3: Discipline: | C3: ARC - Architectural
B5: A - Work May Proceed | C5: B- Incorporate Comments - Proceed | D5: C - Revise and Resubmit - Do Not Proceed | E5: D - Rejected | F5: E - Review not Required - Proceed | G5: UR | H5: For Approval | I5: Terminated | J5: Cancelled
B6: =COUNTIF(B12:B208,"A - Work May Proceed") -> 70 | C6: =COUNTIF(B12:B175,"B- Incorporate Comments - Proceed") -> 5 | D6: =COUNTIF(B12:B208,"C - Revise and Resubmit - Do Not Proceed") -> 8 | E6: =COUNTIF(B12:B208,"D - Rejected") -> 0 | F6: =COUNTIF(B12:B208,"E - Review not Required - Proceed") -> 0 | G6: =COUNTIF(B12:B208,"UR") -> 6 | H6: =COUNTIF(B12:B208,"FA") -> 0 | I6: =COUNTIF(B12:B208,"Terminated") -> 0 | J6: =COUNTIF(B12:B208,"Cancelled") -> 44
B8: TOTAL | C8: =SUM(B6:J6) -> 133
A10: Asset Code | B10: Current - Status | C10: Current - Revision | D10: ACONEX Document No | E10: Comments Resolution Sheet (CRS) | F10: Title | G10: Type | H10: Discipline | I10: Revision _ 01 - History | P10: Revision _ 02 - History | W10: Revision _ 03 - History | AD10: Revision _ 04 - History | AK10: Revision _ 05 - History | AR10: Revision _ 06 - History | AY10: Revision _ 07 - History | BF10: Internal notes
I11: Status | J11: Submission Date | K11: Al-Fahd Transmittal Reference | L11: Expected of Response | M11: Receiving Date | N11: Delay of Days | O11: Workflow Transmittal | P11: Status | Q11: Submission Date | R11: Al-Fahd Transmittal Reference | S11: Expected of Response | T11: Receiving Date | U11: Delay of Days | V11: Workflow Transmittal | W11: Status | X11: Submission Date | Y11: Al-Fahd Transmittal Reference | Z11: Expected of Response | AA11: Receiving Date | AB11: Delay of Days | AC11: Workflow Transmittal | AD11: Status | AE11: Submission Date | AF11: Al-Fahd Transmittal Reference | AG11: Expected of Response | AH11: Receiving Date | AI11: Delay of Days | AJ11: Workflow Transmittal | AK11: Status | AL11: Submission Date | AM11: Al-Fahd Transmittal Reference | AN11: Expected of Response | AO11: Receiving Date | AP11: Delay of Days | AQ11: Workflow Transmittal | AR11: Status | AS11: Submission Date | AT11: Al-Fahd Transmittal Reference | AU11: Expected of Response | AV11: Receiving Date | AW11: Delay of Days | AX11: Workflow Transmittal | AY11: Status | AZ11: Submission Date | BA11: Al-Fahd Transmittal Reference | BB11: Expected of Response | BC11: Receiving Date | BD11: Delay of Days | BE11: Workflow Transmittal
A12: 730007 | B12: A - Work May Proceed | C12: 06 | D12: 40-730007-4800001272-FHD-ARC-MAT-000001 | E12: 40-730007-4800001272-FHD-ARC-CRS-000001 | F12: 4800001272-FHD-CG - Material Submittal for Gypsum Drywall and Ceiling Systems by Al Watania Gypsum Company | G12: Material Submittal | H12: ARC - Architectural | I12: B- Incorporate Comments - Proceed | J12: 45566 | K12: FHD-TRANSMIT-000096 | L12: =J12+7 -> 45573 | M12: 45577 | N12: =M12-L12 -> 4 | O12: WF-000350 | P12: B- Incorporate Comments - Proceed | Q12: 45584 | R12: FHD-TRANSMIT-000197 | S12: =Q12+7 -> 45591 | T12: 45592 | U12: =T12-S12 -> 1 | V12: WF-000554 | W12: B- Incorporate Comments - Proceed | X12: 45718 | Y12: FHD-TRANSMIT-001402 | Z12: =X12+7 -> 45725 | AA12: 45725 | AB12: =AA12-Z12 -> 0 | AC12: WF-003894 | AD12: A - Work May Proceed | AE12: 45836 | AF12: FHD-TRANSMIT-002240 | AG12: =AE12+7 -> 45843 | AH12: 45846 | AI12: =AH12-AG12 -> 3 | AJ12: WF-008656 | AK12: C - Revise and Resubmit - Do Not Proceed | AL12: 46176 | AM12: FHD-TRANSMIT-005608 | AN12: =AL12+7 -> 46183 | AO12: 46188 | AP12: =AO12-AN12 -> 5 | AQ12: WF-024472 | AR12: A - Work May Proceed | AS12: 46202 | AT12: FHD-TRANSMIT-005862 | AU12: =AS12+7 -> 46209 | AV12: 46209 | AW12: =AV12-AU12 -> 0 | AX12: WF-025652
A13: 730007 | B13: Cancelled | C13: XX | D13: 40-730007-4800001272-FHD-ARC-MAT-000002 | E13: 40-730007-4800001272-FHD-ARC-CRS-000002 | F13: 4800001272-FHD-CG - Material Submittal for Block Wall (Solid, Hollow and Insulated) By Al Fahd Factory for Building Products | G13: Material Submittal | H13: ARC - Architectural | I13: B- Incorporate Comments - Proceed | J13: 45574 | K13: FHD-TRANSMIT-000131 | L13: =J13+7 -> 45581 | M13: 45582 | N13: =M13-L13 -> 1 | O13: WF-000418 | P13: Cancelled | Q13: 46196 | R13: FHD-TRANSMIT-005777 | S13: _ | T13: _ | U13: _ | V13: _
A14: 730007 | B14: A - Work May Proceed | C14: 03 | D14: 40-730007-4800001272-FHD-ARC-MAT-000003 | E14: 40-730007-4800001272-FHD-ARC-CRS-000003 | F14: 4800001272-FHD-CG - Material Submittal for Concrete Masonry Unit by Abdullah Abdin Factory | G14: Material Submittal | H14: ARC - Architectural | I14: B- Incorporate Comments - Proceed | J14: 45574 | K14: FHD-TRANSMIT-000133 | L14: =J14+7 -> 45581 | M14: 45582 | N14: =M14-L14 -> 1 | O14: WF-000419 | P14: B- Incorporate Comments - Proceed | Q14: 45721 | R14: FHD-TRANSMIT-001412 | S14: =Q14+7 -> 45728 | T14: 45721 | U14: =T14-S14 -> -7 | V14: WF-003957 | W14: A - Work May Proceed | X14: 45882 | Y14: FHD-TRANSMIT-002608 | Z14: =X14+7 -> 45889 | AA14: 45887 | AB14: =AA14-Z14 -> -2 | AC14: WF-011500
A15: 730007 | B15: A - Work May Proceed | C15: 03 | D15: 40-730007-4800001272-FHD-ARC-MAT-000004 | E15: 40-730007-4800001272-FHD-ARC-CRS-000007 | F15: 4800001272-FHD-CG - Material Submittal for Plastering Accessories by Unitech for Building & Construction Materials | G15: Material Submittal | H15: ARC - Architectural | I15: B- Incorporate Comments - Proceed | J15: 45579 | K15: FHD-TRANSMIT-000162 | L15: =J15+7 -> 45586 | M15: 45586 | N15: =M15-L15 -> 0 | O15: WF-000487 | P15: B- Incorporate Comments - Proceed | Q15: 45768 | R15: FHD-TRANSMIT-001735 | S15: =Q15+7 -> 45775 | T15: 45774 | U15: =T15-S15 -> -1 | V15: WF-005512 | W15: A - Work May Proceed | X15: 45779 | Y15: FHD-TRANSMIT-001835 | Z15: =X15+7 -> 45786 | AA15: 45783 | AB15: =AA15-Z15 -> -3 | AC15: WF-005950
A16: 730007 | B16: A - Work May Proceed | C16: 03 | D16: 40-730007-4800001272-FHD-ARC-MAT-000005 | E16: 40-730007-4800001272-FHD-ARC-CRS-000009 | F16: 4800001272-FHD-CG - Material Submittal for Door Hardware’s and Accessories by Masdar Logic | G16: Material Submittal | H16: ARC - Architectural | I16: B- Incorporate Comments - Proceed | J16: 45582 | K16: FHD-TRANSMIT-000183 | L16: =J16+7 -> 45589 | M16: 45584 | N16: =M16-L16 -> -5 | O16: WF-000527 | P16: B- Incorporate Comments - Proceed | Q16: 45761 | R16: FHD-TRANSMIT-001685 | S16: =Q16+7 -> 45768 | T16: 45762 | U16: =T16-S16 -> -6 | V16: WF-005248 | W16: A - Work May Proceed | X16: 45944 | Y16: FHD-TRANSMIT-003121 | Z16: =X16+7 -> 45951 | AA16: 45945 | AB16: =AA16-Z16 -> -6 | AC16: WF-013932
A17: 730007 | B17: A - Work May Proceed | C17: 04 | D17: 40-730007-4800001272-FHD-ARC-MAT-000006 | E17: 40-730007-4800001272-FHD-ARC-CRS-000020 | F17: 4800001272-FHD-CG - Material Submittal for Interior Paints by Sigma Paints | G17: Material Submittal | H17: ARC - Architectural | I17: B- Incorporate Comments - Proceed | J17: 45595 | K17: FHD-TRANSMIT-000285 | L17: =J17+7 -> 45602 | M17: 45603 | N17: =M17-L17 -> 1 | O17: WF-000805 | P17: B- Incorporate Comments - Proceed | Q17: 45809 | R17: FHD-TRANSMIT-002096 | S17: =Q17+7 -> 45816 | T17: 45823 | U17: =T17-S17 -> 7 | V17: WF-007295 | W17: B- Incorporate Comments - Proceed | X17: 45847 | Y17: FHD-TRANSMIT-002311 | Z17: =X17+7 -> 45854 | AA17: 45855 | AB17: =AA17-Z17 -> 1 | AC17: WF-009426 | AD17: A - Work May Proceed | AE17: 45922 | AF17: FHD-TRANSMIT-002933 | AG17: =AE17+7 -> 45929 | AH17: 45927 | AI17: =AH17-AG17 -> -2 | AJ17: WF-013085
A18: 730007 | B18: A - Work May Proceed | C18: 03 | D18: 40-730007-4800001272-FHD-ARC-MAT-000007 | E18: 40-730007-4800001272-FHD-ARC-CRS-000021 | F18: 4800001272-FHD-CG - Material Submittal for Epoxy Flooring by Sigma Paints | G18: Material Submittal | H18: ARC - Architectural | I18: B- Incorporate Comments - Proceed | J18: 45598 | K18: FHD-TRANSMIT-000302 | L18: =J18+7 -> 45605 | M18: 45605 | N18: =M18-L18 -> 0 | O18: WF-000845 | P18: B- Incorporate Comments - Proceed | Q18: 45739 | R18: FHD-TRANSMIT-001580 | S18: =Q18+7 -> 45746 | T18: 45753 | U18: =T18-S18 -> 7 | V18: WF-004802 | W18: A - Work May Proceed | X18: 45776 | Y18: FHD-TRANSMIT-001802 | Z18: =X18+7 -> 45783 | AA18: 45782 | AB18: =AA18-Z18 -> -1 | AC18: WF-005795
A19: 730007 | B19: Cancelled | C19: XX | D19: 40-730007-4800001272-FHD-ARC-MAT-000008 | E19: 40-730007-4800001272-FHD-ARC-CRS-000022 | F19: 4800001272-FHD-CG - Material Submittal for Aluminum Window, Curtain Wall, Louver & Cladding by Lavenco Company | G19: Material Submittal | H19: ARC - Architectural | I19: C - Revise and Resubmit - Do Not Proceed | J19: 45599 | K19: FHD-TRANSMIT-000309 | L19: =J19+7 -> 45606 | M19: 45610 | N19: =M19-L19 -> 4 | O19: WF-000880 | P19: C - Revise and Resubmit - Do Not Proceed | Q19: 45632 | R19: FHD-TRANSMIT-000644 | S19: =Q19+7 -> 45639 | T19: 45644 | U19: =T19-S19 -> 5 | V19: WF-001875 | W19: Cancelled | X19: 45703 | Y19: FHD-TRANSMIT-001287 | Z19: _ | AA19: _ | AB19: _ | AC19: _ | BF19: This submittal is not required due to Contractor have been proceed with another supplier as referenced in document # 40-730007-4800001272-FHD-ARC-MAT-000038/40-730007-4800001272-FHD-ARC-MAT-000039
A20: 730007 | B20: Cancelled | C20: XX | D20: 40-730007-4800001272-FHD-ARC-MAT-000009 | E20: 40-730007-4800001272-FHD-ARC-CRS-000025 | F20: 4800001272-FHD-CG - Material Submittal for Concrete Masonry Units – Hollow Blocks by Abdullah Abdin Factory | G20: Material Submittal | H20: ARC - Architectural | I20: C - Revise and Resubmit - Do Not Proceed | J20: 45607 | K20: FHD-TRANSMIT-000397 | L20: =J20+7 -> 45614 | M20: 45617 | N20: =M20-L20 -> 3 | O20: WF-001183 | P20: C - Revise and Resubmit - Do Not Proceed | Q20: 45632 | R20: FHD-TRANSMIT-000645 | S20: =Q20+7 -> 45639 | T20: 45645 | U20: =T20-S20 -> 6 | V20: WF-001876 | W20: C - Revise and Resubmit - Do Not Proceed | X20: 45669 | Y20: FHD-TRANSMIT-000987 | Z20: =X20+7 -> 45676 | AA20: 45678 | AB20: =AA20-Z20 -> 2 | AC20: WF-002573 | AD20: Cancelled | AE20: 45766 | AF20: FHD-TRANSMIT-001718 | AG20: _ | AH20: _ | AI20: _ | AJ20: _
A21: 730007 | B21: Cancelled | C21: XX | D21: 40-730007-4800001272-FHD-ARC-MAT-000010 | E21: 40-730007-4800001272-FHD-ARC-CRS-000026 | F21: 4800001272-FHD-CG - Material Submittal for Carpet Tiles Size 500x500mm By Carpet International | G21: Material Submittal | H21: ARC - Architectural | I21: B- Incorporate Comments - Proceed | J21: 45608 | K21: FHD-TRANSMIT-000403 | L21: =J21+7 -> 45615 | M21: 45617 | N21: =M21-L21 -> 2 | O21: WF-001189 | P21: Cancelled | Q21: 46070 | R21: FHD-TRANSMIT-004481 | S21: _ | T21: _ | U21: _ | V21: _
A22: 730007 | B22: A - Work May Proceed | C22: 03 | D22: 40-730007-4800001272-FHD-ARC-MAT-000011 | E22: 40-730007-4800001272-FHD-ARC-CRS-000028 | F22: 4800001272-FHD-CG - Material Submittal for Acoustical Tile By Isam Kabbani Unitech - USG ME | G22: Material Submittal | H22: ARC - Architectural | I22: B- Incorporate Comments - Proceed | J22: 45609 | K22: FHD-TRANSMIT-000413 | L22: =J22+7 -> 45616 | M22: 45623 | N22: =M22-L22 -> 7 | O22: WF-001215 | P22: B- Incorporate Comments - Proceed | Q22: 45834 | R22: FHD-TRANSMIT-002232 | S22: =Q22+7 -> 45841 | T22: 45846 | U22: =T22-S22 -> 5 | V22: WF-008562 | W22: A - Work May Proceed | X22: 45976 | Y22: FHD-TRANSMIT-003504 | Z22: =X22+7 -> 45983 | AA22: 45979 | AB22: =AA22-Z22 -> -4 | AC22: WF-015143
A23: 730007 | B23: Cancelled | C23: XX | D23: 40-730007-4800001272-FHD-ARC-MAT-000012 | E23: 40-730007-4800001272-FHD-ARC-CRS-000029 | F23: 4800001272-FHD-CG - Material Submittal for Vinyl Flooring Sheets By Carpet International | G23: Material Submittal | H23: ARC - Architectural | I23: B- Incorporate Comments - Proceed | J23: 45609 | K23: FHD-TRANSMIT-000414 | L23: =J23+7 -> 45616 | M23: 45623 | N23: =M23-L23 -> 7 | O23: WF-001223 | P23: Cancelled | Q23: 46070 | R23: FHD-TRANSMIT-004481 | S23: _ | T23: _ | U23: _ | V23: _
A24: 730007 | B24: Cancelled | C24: XX | D24: 40-730007-4800001272-FHD-ARC-MAT-000013 | E24: 40-730007-4800001272-FHD-ARC-CRS-000030 | F24: 4800001272-FHD-CG - Material Submittal for Internal and External Signs By Al Mareiyah | G24: Material Submittal | H24: ARC - Architectural | I24: C - Revise and Resubmit - Do Not Proceed | J24: 45609 | K24: FHD-TRANSMIT-000415 | L24: =J24+7 -> 45616 | M24: 45623 | N24: =M24-L24 -> 7 | O24: WF-001224 | P24: B- Incorporate Comments - Proceed | Q24: 45640 | R24: FHD-TRANSMIT-000718 | S24: =Q24+7 -> 45647 | T24: 45648 | U24: =T24-S24 -> 1 | V24: WF-002083 | W24: Cancelled | X24: 46070 | Y24: FHD-TRANSMIT-004481 | Z24: _ | AA24: _ | AB24: _ | AC24: _
A25: 730007 | B25: Cancelled | C25: 01 | D25: 40-730007-4800001272-FHD-ARC-MAT-000014 | E25: 40-730007-4800001272-FHD-ARC-CRS-000031 | F25: 4800001272-FHD-CG - Material Submittal for Standing Seam Sheet By Roof Metal Industries L.L.C (RMI) | G25: Material Submittal | H25: ARC - Architectural | I25: C - Revise and Resubmit - Do Not Proceed | J25: 45628 | K25: FHD-TRANSMIT-000593 | L25: =J25+7 -> 45635 | M25: 45641 | N25: =M25-L25 -> 6 | O25: WF-001723 | P25: Cancelled | Q25: 45824 | R25: FHD-TRANSMIT-002165
A26: 730007 | B26: Cancelled | C26: XX | D26: 40-730007-4800001272-FHD-ARC-MAT-000015 | E26: 40-730007-4800001272-FHD-ARC-CRS-000032 | F26: 4800001272-FHD-CG - Material Submittal for Aluminum Baffle Ceiling By Jawdah Industrial Company | G26: Material Submittal | H26: ARC - Architectural | I26: C - Revise and Resubmit - Do Not Proceed | J26: 45622 | K26: FHD-TRANSMIT-000522 | L26: =J26+7 -> 45629 | M26: 45627 | N26: =M26-L26 -> -2 | O26: WF-001558 | P26: Cancelled | Q26: 45672 | R26: FHD-TRANSMIT-001024 | S26: _ | T26: _ | BF26: This submittal is not required due to Contractor will proceed with another supplier as referenced in document # 40-730007-4800001272-FHD-ARC-MAT-000029
A27: 730007 | B27: B- Incorporate Comments - Proceed | C27: 02 | D27: 40-730007-4800001272-FHD-ARC-MAT-000016 | E27: 40-730007-4800001272-FHD-ARC-CRS-000033 | F27: 4800001272-FHD-CG - Material Submittal for Internal - External and Road Sign By Nine Degrees | G27: Material Submittal | H27: ARC - Architectural | I27: B- Incorporate Comments - Proceed | J27: 45622 | K27: FHD-TRANSMIT-000523 | L27: =J27+7 -> 45629 | M27: 45627 | N27: =M27-L27 -> -2 | O27: WF-001559 | P27: B- Incorporate Comments - Proceed | Q27: 45803 | R27: FHD-TRANSMIT-002032 | S27: =Q27+7 -> 45810 | T27: 45809 | U27: =T27-S27 -> -1 | V27: WF-007025
A28: 730007 | B28: Cancelled | C28: XX | D28: 40-730007-4800001272-FHD-ARC-MAT-000017 | E28: 40-730007-4800001272-FHD-ARC-CRS-000034 | F28: 4800001272-FHD-CG - Material Submittal for Door Hardware By Saudi Etqaan Co (Simplex) | G28: Material Submittal | H28: ARC - Architectural | I28: B- Incorporate Comments - Proceed | J28: 45625 | K28: FHD-TRANSMIT-000570 | L28: =J28+7 -> 45632 | M28: 45634 | N28: =M28-L28 -> 2 | O28: WF-001627 | P28: Cancelled | Q28: 46070 | R28: FHD-TRANSMIT-004481 | S28: _ | T28: _ | U28: _ | V28: _
A29: 730007 | B29: Cancelled | C29: XX | D29: 40-730007-4800001272-FHD-ARC-MAT-000018 | E29: 40-730007-4800001272-FHD-ARC-CRS-000035 | F29: 4800001272-FHD-CG - Material Submittal for Wooden Flooring By Al Sawaed Co - HAKWOOD INC | G29: Material Submittal | H29: ARC - Architectural | I29: C - Revise and Resubmit - Do Not Proceed | J29: 45625 | K29: FHD-TRANSMIT-000571 | L29: =J29+7 -> 45632 | M29: 45634 | N29: =M29-L29 -> 2 | O29: WF-001628 | P29: Cancelled | Q29: 45698 | R29: FHD-TRANSMIT-001245 | S29: _ | T29: _ | BF29: This submittal is not required due to Contractor will proceed with another supplier as referenced in document # 40-730007-4800001272-FHD-ARC-MAT-000037
A30: 730007 | B30: Cancelled | C30: XX | D30: 40-730007-4800001272-FHD-ARC-MAT-000019 | E30: 40-730007-4800001272-FHD-ARC-CRS-000036 | F30: 4800001272-FHD-CG - Material Submittal for Gym RDX Rubber Flooring 8mm By Life Time Fitness Co. | G30: Material Submittal | H30: ARC - Architectural | I30: C - Revise and Resubmit - Do Not Proceed | J30: 45625 | K30: FHD-TRANSMIT-000572 | L30: =J30+7 -> 45632 | M30: 45634 | N30: =M30-L30 -> 2 | O30: WF-001629 | P30: Cancelled | Q30: 45672 | R30: FHD-TRANSMIT-001025 | S30: _ | T30: _ | BF30: This submittal is not required due to Contractor have approved another supplier refer to. 40-730007-4800001272-FHD-LAN-MAT-000003
A31: 730007 | B31: Cancelled | C31: XX | D31: 40-730007-4800001272-FHD-ARC-MAT-000020 | E31: 40-730007-4800001272-FHD-ARC-CRS-000037 | F31: 4800001272-FHD-CG - Material Submittal for Gypsum and Fiber Cement Board Assemblies By Beam Consolidated-ASK Gypsum Factory Ltd. | G31: Material Submittal | H31: ARC - Architectural | I31: C - Revise and Resubmit - Do Not Proceed | J31: 45625 | K31: FHD-TRANSMIT-000573 | L31: =J31+7 -> 45632 | M31: 45634 | N31: =M31-L31 -> 2 | O31: WF-001630 | P31: B- Incorporate Comments - Proceed | Q31: 45644 | R31: FHD-TRANSMIT-000757 | S31: =Q31+7 -> 45651 | T31: 45654 | U31: =T31-S31 -> 3 | V31: WF-002163 | W31: Cancelled | X31: 46070 | Y31: FHD-TRANSMIT-004481 | Z31: _ | AA31: _ | AB31: _ | AC31: _
A32: 730007 | B32: Cancelled | C32: XX | D32: 40-730007-4800001272-FHD-ARC-MAT-000021 | E32: 40-730007-4800001272-FHD-ARC-CRS-000038 | F32: 4800001272-FHD-CG - Material Submittal for Electrically Operated Roll-up Shutter with Aluminum Slats (Somfy) By FAMECO | G32: Material Submittal | H32: ARC - Architectural | I32: B- Incorporate Comments - Proceed | J32: 45625 | K32: FHD-TRANSMIT-000574 | L32: =J32+7 -> 45632 | M32: 45634 | N32: =M32-L32 -> 2 | O32: WF-001631 | P32: Cancelled | Q32: 46070 | R32: FHD-TRANSMIT-004481 | S32: _ | T32: _ | U32: _ | V32: _
A33: 730007 | B33: Cancelled | C33: XX | D33: 40-730007-4800001272-FHD-ARC-MAT-000022 | E33: 40-730007-4800001272-FHD-ARC-CRS-000039 | F33: 4800001272-FHD-CG - Material Submittal for Porcelain Tiles By Exa Ceramic Company | G33: Material Submittal | H33: ARC - Architectural | I33: C - Revise and Resubmit - Do Not Proceed | J33: 45632 | K33: FHD-TRANSMIT-000646 | L33: =J33+7 -> 45639 | M33: 45645 | N33: =M33-L33 -> 6 | O33: WF-001877 | P33: Cancelled | Q33: 45698 | R33: FHD-TRANSMIT-001246 | S33: _ | T33: _ | BF33: This submittal is not required due to Contractor will proceed with another supplier as referenced in document # 40-730007-4800001272-FHD-ARC-MAT-000026
A34: 730007 | B34: A - Work May Proceed | C34: 04 | D34: 40-730007-4800001272-FHD-ARC-MAT-000023 | E34: 40-730007-4800001272-FHD-ARC-CRS-000040 | F34: 4800001272-FHD-CG - Material Submittal for Carpet Tiles By Arch17 | G34: Material Submittal | H34: ARC - Architectural | I34: C - Revise and Resubmit - Do Not Proceed | J34: 45632 | K34: FHD-TRANSMIT-000647 | L34: =J34+7 -> 45639 | M34: 45649 | N34: =M34-L34 -> 10 | O34: WF-001878 | P34: B- Incorporate Comments - Proceed | Q34: 45654 | R34: FHD-TRANSMIT-000850 | S34: =Q34+7 -> 45661 | T34: 45665 | U34: =T34-S34 -> 4 | V34: WF-002347 | W34: B- Incorporate Comments - Proceed | X34: 45732 | Y34: FHD-TRANSMIT-001519 | Z34: =X34+7 -> 45739 | AA34: 45739 | AB34: =AA34-Z34 -> 0 | AC34: WF-004439 | AD34: A - Work May Proceed | AE34: 46008 | AF34: FHD-TRANSMIT-003852 | AG34: =AE34+7 -> 46015 | AH34: 46018 | AI34: =AH34-AG34 -> 3 | AJ34: WF-016946
A35: 730007 | B35: Cancelled | C35: XX | D35: 40-730007-4800001272-FHD-ARC-MAT-000024 | E35: 40-730007-4800001272-FHD-ARC-CRS-000041 | F35: 4800001272-FHD-CG - Material Submittal for Strongcoat HB400, Solvent Free High Build Epoxy Floor Coating By DCP | G35: Material Submittal | H35: ARC - Architectural | I35: C - Revise and Resubmit - Do Not Proceed | J35: 45632 | K35: FHD-TRANSMIT-000648 | L35: =J35+7 -> 45639 | M35: 45645 | N35: =M35-L35 -> 6 | O35: WF-001879 | P35: C - Revise and Resubmit - Do Not Proceed | Q35: 45662 | R35: FHD-TRANSMIT-000921 | S35: =Q35+7 -> 45669 | T35: 45673 | U35: =T35-S35 -> 4 | V35: WF-002461 | W35: Cancelled | X35: 45766 | Y35: FHD-TRANSMIT-001719 | Z35: _ | AA35: _ | AB35: _ | AC35: _
A36: 730007 | B36: Cancelled | C36: XX | D36: 40-730007-4800001272-FHD-ARC-MAT-000025 | E36: 40-730007-4800001272-FHD-ARC-CRS-000042 | F36: 4800001272-FHD-CG - Material Submittal for Strongcoat EPU100 High Performance Flexible Epoxy Polyurethane Resin By DCP | G36: Material Submittal | H36: ARC - Architectural | I36: C - Revise and Resubmit - Do Not Proceed | J36: 45632 | K36: FHD-TRANSMIT-000649 | L36: =J36+7 -> 45639 | M36: 45648 | N36: =M36-L36 -> 9 | O36: WF-001880 | P36: C - Revise and Resubmit - Do Not Proceed | Q36: 45662 | R36: FHD-TRANSMIT-000922 | S36: =Q36+7 -> 45669 | T36: 45673 | U36: =T36-S36 -> 4 | V36: WF-002462 | W36: Cancelled | X36: 45766 | Y36: FHD-TRANSMIT-001721 | Z36: _ | AA36: _ | AB36: _ | AC36: _
A37: 730007 | B37: Cancelled | C37: XX | D37: 40-730007-4800001272-FHD-ARC-MAT-000026 | E37: 40-730007-4800001272-FHD-ARC-CRS-000043 | F37: 4800001272-FHD-CG - Material Submittal for Vitra Tiles C22.324 C22.325C22.326 By Bayt Alebaa (Vitra) | G37: Material Submittal | H37: ARC - Architectural | I37: C - Revise and Resubmit - Do Not Proceed | J37: 45632 | K37: FHD-TRANSMIT-000650 | L37: =J37+7 -> 45639 | M37: 45648 | N37: =M37-L37 -> 9 | O37: WF-001881 | P37: C - Revise and Resubmit - Do Not Proceed | Q37: 45668 | R37: FHD-TRANSMIT-000981 | S37: =Q37+7 -> 45675 | T37: 45678 | U37: =T37-S37 -> 3 | V37: WF-002558 | W37: C - Revise and Resubmit - Do Not Proceed | X37: 45680 | Y37: FHD-TRANSMIT-001088 | Z37: =X37+7 -> 45687 | AA37: 45691 | AB37: =AA37-Z37 -> 4 | AC37: WF-002791 | AD37: B- Incorporate Comments - Proceed | AE37: 45712 | AF37: FHD-TRANSMIT-001370 | AG37: =AE37+7 -> 45719 | AH37: 45717 | AI37: =AH37-AG37 -> -2 | AJ37: WF-003625 | AK37: Cancelled | AL37: 46070 | AM37: FHD-TRANSMIT-004481 | AN37: _ | AO37: _ | AP37: _ | AQ37: _
A38: 730007 | B38: A - Work May Proceed | C38: 05 | D38: 40-730007-4800001272-FHD-ARC-MAT-000027 | E38: 40-730007-4800001272-FHD-ARC-CRS-000044 | F38: 4800001272-FHD-CG - Material Submittal for Wooden Cladding, Acoustic Wood, Veneer Wooden, Laminate Wooden By Al Sawaed Wood Factory | G38: Material Submittal | H38: ARC - Architectural | I38: C - Revise and Resubmit - Do Not Proceed | J38: 45632 | K38: FHD-TRANSMIT-000651 | L38: =J38+7 -> 45639 | M38: 45649 | N38: =M38-L38 -> 10 | O38: WF-001882 | P38: C - Revise and Resubmit - Do Not Proceed | Q38: 45659 | R38: FHD-TRANSMIT-000890 | S38: =Q38+7 -> 45666 | T38: 45669 | U38: =T38-S38 -> 3 | V38: WF-002408 | W38: B- Incorporate Comments - Proceed | X38: 45673 | Y38: FHD-TRANSMIT-001029 | Z38: =X38+7 -> 45680 | AA38: 45677 | AB38: =AA38-Z38 -> -3 | AC38: WF-002662 | AD38: B- Incorporate Comments - Proceed | AE38: 45786 | AF38: FHD-TRANSMIT-001899 | AG38: =AE38+7 -> 45793 | AH38: 45795 | AI38: =AH38-AG38 -> 2 | AJ38: WF-006256 | AK38: A - Work May Proceed | AL38: 46006 | AM38: FHD-TRANSMIT-003799 | AN38: =AL38+7 -> 46013 | AO38: 46012 | AP38: =AO38-AN38 -> -1 | AQ38: WF-016792
A39: 730007 | B39: Cancelled | C39: XX | D39: 40-730007-4800001272-FHD-ARC-MAT-000028 | E39: 40-730007-4800001272-FHD-ARC-CRS-000045 | F39: 4800001272-FHD-CG - Material Submittal for Broadloom Carpet Item # FL-13 & FL-14 By Al Sawaed (Royal Thai & Carpet International) | G39: Material Submittal | H39: ARC - Architectural | I39: C - Revise and Resubmit - Do Not Proceed | J39: 45632 | K39: FHD-TRANSMIT-000652 | L39: =J39+7 -> 45639 | M39: 45649 | N39: =M39-L39 -> 10 | O39: WF-001883 | P39: B- Incorporate Comments - Proceed | Q39: 45869 | R39: FHD-TRANSMIT-002505 | S39: =Q39+7 -> 45876 | T39: 45876 | U39: =T39-S39 -> 0 | V39: WF-010862 | W39: Cancelled | X39: 46070 | Y39: FHD-TRANSMIT-004481 | Z39: _ | AA39: _ | AB39: _ | AC39: _
A40: 730007 | B40: A - Work May Proceed | C40: 06 | D40: 40-730007-4800001272-FHD-ARC-MAT-000029 | E40: 40-730007-4800001272-FHD-ARC-CRS-000047 | F40: 4800001272-FHD-CG - Material Submittal for Metal Baffle Ceiling By Al Sawaed - Marconi | G40: Material Submittal | H40: ARC - Architectural | I40: C - Revise and Resubmit - Do Not Proceed | J40: 45638 | K40: FHD-TRANSMIT-000703 | L40: =J40+7 -> 45645 | M40: 45650 | N40: =M40-L40 -> 5 | O40: WF-002038 | P40: C - Revise and Resubmit - Do Not Proceed | Q40: 45659 | R40: FHD-TRANSMIT-000889 | S40: =Q40+7 -> 45666 | T40: 45669 | U40: =T40-S40 -> 3 | V40: WF-002407 | W40: B- Incorporate Comments - Proceed | X40: 45677 | Y40: FHD-TRANSMIT-001056 | Z40: =X40+7 -> 45684 | AA40: 45683 | AB40: =AA40-Z40 -> -1 | AC40: WF-002715 | AD40: B- Incorporate Comments - Proceed | AE40: 45811 | AF40: FHD-TRANSMIT-002115 | AG40: =AE40+7 -> 45818 | AH40: 45823 | AI40: =AH40-AG40 -> 5 | AJ40: WF-007458 | AK40: B- Incorporate Comments - Proceed | AL40: 46047 | AM40: FHD-TRANSMIT-004194 | AN40: =AL40+7 -> 46054 | AO40: 46053 | AP40: =AO40-AN40 -> -1 | AQ40: WF-018612 | AR40: A - Work May Proceed | AS40: 46057 | AT40: FHD-TRANSMIT-004329 | AU40: =AS40+7 -> 46064 | AV40: 46064 | AW40: =AV40-AU40 -> 0 | AX40: WF-019178
A41: 730007 | B41: A - Work May Proceed | C41: 04 | D41: 40-730007-4800001272-FHD-ARC-MAT-000030 | E41: 40-730007-4800001272-FHD-ARC-CRS-000048 | F41: 4800001272-FHD-CG - Material Submittal for Royal Gold Granite, Riyadh Stone, Omani Moon Grey, Marble by Al Furat Marble Company - EXA Porcelain | G41: Material Submittal | H41: ARC - Architectural | I41: C - Revise and Resubmit - Do Not Proceed | J41: 45638 | K41: FHD-TRANSMIT-000704 | L41: =J41+7 -> 45645 | M41: 45650 | N41: =M41-L41 -> 5 | O41: WF-002039 | P41: B- Incorporate Comments - Proceed | Q41: 45663 | R41: FHD-TRANSMIT-000929 | S41: =Q41+7 -> 45670 | T41: 45665 | U41: =T41-S41 -> -5 | V41: WF-002488 | W41: B- Incorporate Comments - Proceed | X41: 46058 | Y41: FHD-TRANSMIT-004361 | Z41: =X41+7 -> 46065 | AA41: 46069 | AB41: =AA41-Z41 -> 4 | AC41: WF-019217 | AD41: A - Work May Proceed | AE41: 46070 | AF41: FHD-TRANSMIT-004477 | AG41: =AE41+7 -> 46077 | AH41: 46079 | AI41: =AH41-AG41 -> 2 | AJ41: WF-019785
A42: 730007 | B42: A - Work May Proceed | C42: 06 | D42: 40-730007-4800001272-FHD-ARC-MAT-000031 | E42: 40-730007-4800001272-FHD-ARC-CRS-000049 | F42: 4800001272-FHD-CG - Material Submittal for 3mm Thick Checkered Plate HDG By Maani (Bakriya - BIC) | G42: Material Submittal | H42: ARC - Architectural | I42: C - Revise and Resubmit - Do Not Proceed | J42: 45638 | K42: FHD-TRANSMIT-000705 | L42: =J42+7 -> 45645 | M42: 45650 | N42: =M42-L42 -> 5 | O42: WF-002040 | P42: A - Work May Proceed | Q42: 45698 | R42: FHD-TRANSMIT-001249 | S42: =Q42+7 -> 45705 | T42: 45706 | U42: =T42-S42 -> 1 | V42: WF-003229 | W42: C - Revise and Resubmit - Do Not Proceed | X42: 45866 | Y42: FHD-TRANSMIT-002485 | Z42: =X42+7 -> 45873 | AA42: 45873 | AB42: =AA42-Z42 -> 0 | AC42: WF-010539 | AD42: B- Incorporate Comments - Proceed | AE42: 45875 | AF42: FHD-TRANSMIT-002550 | AG42: =AE42+7 -> 45882 | AH42: 45882 | AI42: =AH42-AG42 -> 0 | AJ42: WF-011143 | AK42: B- Incorporate Comments - Proceed | AL42: 45895 | AM42: FHD-TRANSMIT-002721 | AN42: =AL42+7 -> 45902 | AO42: 45901 | AP42: =AO42-AN42 -> -1 | AQ42: WF-012186 | AR42: A - Work May Proceed | AS42: 45908 | AT42: FHD-TRANSMIT-002820 | AU42: =AS42+7 -> 45915 | AV42: 45914 | AW42: =AV42-AU42 -> -1 | AX42: WF-012615
A43: 730007 | B43: Cancelled | C43: XX | D43: 40-730007-4800001272-FHD-ARC-MAT-000032 | E43: 40-730007-4800001272-FHD-ARC-CRS-000050 | F43: 4800001272-FHD-CG - Material Submittal for Avayo Wood Core Panel with PVC Top Finish and Bottom Steel 600x600x40mm By Avayo | G43: Material Submittal | H43: ARC - Architectural | I43: C - Revise and Resubmit - Do Not Proceed | J43: 45638 | K43: FHD-TRANSMIT-000708 | L43: =J43+7 -> 45645 | M43: 45651 | N43: =M43-L43 -> 6 | O43: WF-002042 | P43: Cancelled | Q43: 45698 | R43: FHD-TRANSMIT-001247 | S43: _ | T43: _ | AG43: =AE43+7 -> 7 | AI43: =AH43-AG43 -> -7 | BF43: This submittal is not required due to Contractor will proceed with another supplier as referenced in document # 40-730007-4800001272-FHD-ARC-MAT-000044
A44: 730007 | B44: A - Work May Proceed | C44: 04 | D44: 40-730007-4800001272-FHD-ARC-MAT-000033 | E44: 40-730007-4800001272-FHD-ARC-CRS-000051 | F44: 4800001272-FHD-CG - Material Submittal for Steel Door By Sultanah Allied Industries Company | G44: Material Submittal | H44: ARC - Architectural | I44: B- Incorporate Comments - Proceed | J44: 45642 | K44: FHD-TRANSMIT-000734 | L44: =J44+7 -> 45649 | M44: 45654 | N44: =M44-L44 -> 5 | O44: WF-002110 | P44: B- Incorporate Comments - Proceed | Q44: 45840 | R44: FHD-TRANSMIT-002279 | S44: =Q44+7 -> 45847 | T44: 45846 | U44: =T44-S44 -> -1 | V44: WF-008992 | W44: B- Incorporate Comments - Proceed | X44: 46120 | Y44: FHD-TRANSMIT-004963 | Z44: =X44+7 -> 46127 | AA44: 46127 | AB44: =AA44-Z44 -> 0 | AC44: WF-021933 | AD44: A - Work May Proceed | AE44: 46226 | AF44: FHD-TRANSMIT-006133 | AG44: =AE44+7 -> 46233 | AH44: 46236 | AI44: =AH44-AG44 -> 3 | AJ44: WF-027241
A45: 730007 | B45: A - Work May Proceed | C45: 04 | D45: 40-730007-4800001272-FHD-ARC-MAT-000034 | E45: 40-730007-4800001272-FHD-ARC-CRS-000052 | F45: 4800001272-FHD-CG - Material Submittal for Wooden Door By Sultanah Allied Industries Company | G45: Material Submittal | H45: ARC - Architectural | I45: B- Incorporate Comments - Proceed | J45: 45642 | K45: FHD-TRANSMIT-000735 | L45: =J45+7 -> 45649 | M45: 45654 | N45: =M45-L45 -> 5 | O45: WF-002111 | P45: B- Incorporate Comments - Proceed | Q45: 45838 | R45: FHD-TRANSMIT-002261 | S45: =Q45+7 -> 45845 | T45: 45851 | U45: =T45-S45 -> 6 | V45: WF-008817 | W45: B- Incorporate Comments - Proceed | X45: 45855 | Y45: FHD-TRANSMIT-002386 | Z45: =X45+7 -> 45862 | AA45: 45861 | AB45: =AA45-Z45 -> -1 | AC45: WF-009916 | AD45: A - Work May Proceed | AE45: 45864 | AF45: FHD-TRANSMIT-002468 | AG45: =AE45+7 -> 45871 | AH45: 45869 | AI45: =AH45-AG45 -> -2 | AJ45: WF-010382
A46: 730007 | B46: Cancelled | C46: XX | D46: 40-730007-4800001272-FHD-ARC-MAT-000035 | E46: 40-730007-4800001272-FHD-ARC-CRS-000053 | F46: 4800001272-FHD-CG - Material Submittal for Carpet Tiles & Carpet Broadloom By Alsourayi International Limited Co. | G46: Material Submittal | H46: ARC - Architectural | I46: C - Revise and Resubmit - Do Not Proceed | J46: 45643 | K46: FHD-TRANSMIT-000751 | L46: =J46+7 -> 45650 | M46: 45654 | N46: =M46-L46 -> 4 | O46: WF-002153 | P46: C - Revise and Resubmit - Do Not Proceed | Q46: 45661 | R46: FHD-TRANSMIT-000904 | S46: =Q46+7 -> 45668 | T46: 45669 | U46: =T46-S46 -> 1 | V46: WF-002430 | W46: Cancelled | X46: 45767 | Y46: FHD-TRANSMIT-001725 | Z46: _ | AA46: _ | AB46: _ | AC46: _
A47: 730007 | B47: Cancelled | C47: XX | D47: 40-730007-4800001272-FHD-ARC-MAT-000036 | E47: 40-730007-4800001272-FHD-ARC-CRS-000054 | F47: 4800001272-FHD-CG - Material Submittal for Roof Cement Tiles By Arabian Tiles Company ARTIC | G47: Material Submittal | H47: ARC - Architectural | I47: C - Revise and Resubmit - Do Not Proceed | J47: 45647 | K47: FHD-TRANSMIT-000783 | L47: =J47+7 -> 45654 | M47: 45654 | N47: =M47-L47 -> 0 | O47: WF-002206 | P47: C - Revise and Resubmit - Do Not Proceed | Q47: 45672 | R47: FHD-TRANSMIT-001023 | S47: =Q47+7 -> 45679 | T47: 45683 | U47: =T47-S47 -> 4 | V47: WF-002624 | W47: Cancelled | X47: 45767 | Y47: FHD-TRANSMIT-001726 | Z47: _ | AA47: _ | AB47: _ | AC47: _
A48: 730007 | B48: Cancelled | C48: XX | D48: 40-730007-4800001272-FHD-ARC-MAT-000037 | E48: 40-730007-4800001272-FHD-ARC-CRS-000056 | F48: 4800001272-FHD-CG - Material Submittal for HDF Flooring By Bayt Alebaa | G48: Material Submittal | H48: ARC - Architectural | I48: C - Revise and Resubmit - Do Not Proceed | J48: 45652 | K48: FHD-TRANSMIT-000839 | L48: =J48+7 -> 45659 | M48: 45663 | N48: =M48-L48 -> 4 | O48: WF-002326 | P48: C - Revise and Resubmit - Do Not Proceed | Q48: 45670 | R48: FHD-TRANSMIT-000990 | S48: =Q48+7 -> 45677 | T48: 45680 | U48: =T48-S48 -> 3 | V48: WF-002586 | W48: B- Incorporate Comments - Proceed | X48: 45712 | Y48: FHD-TRANSMIT-001371 | Z48: =X48+7 -> 45719 | AA48: 45717 | AB48: =AA48-Z48 -> -2 | AC48: WF-003626 | AD48: Cancelled | AE48: 46070 | AF48: FHD-TRANSMIT-004481 | AG48: _ | AH48: _ | AI48: _ | AJ48: _
A49: 730007 | B49: A - Work May Proceed | C49: 07 | D49: 40-730007-4800001272-FHD-ARC-MAT-000038 | E49: 40-730007-4800001272-FHD-ARC-CRS-000057 | F49: 4800001272-FHD-CG - Material Submittal for Cladding By Lavenco Aluminum System | G49: Material Submittal | H49: ARC - Architectural | I49: C - Revise and Resubmit - Do Not Proceed | J49: 45656 | K49: FHD-TRANSMIT-000863 | L49: =J49+7 -> 45663 | M49: 45663 | N49: =M49-L49 -> 0 | O49: WF-002365 | P49: B- Incorporate Comments - Proceed | Q49: 45664 | R49: FHD-TRANSMIT-000938 | S49: =Q49+7 -> 45671 | T49: 45670 | U49: =T49-S49 -> -1 | V49: WF-002502 | W49: B- Incorporate Comments - Proceed | X49: 45806 | Y49: FHD-TRANSMIT-002077 | Z49: =X49+7 -> 45813 | AA49: 45823 | AB49: =AA49-Z49 -> 10 | AC49: WF-007287 | AD49: B- Incorporate Comments - Proceed | AE49: 45957 | AF49: FHD-TRANSMIT-003243 | AG49: =AE49+7 -> 45964 | AH49: 45959 | AI49: =AH49-AG49 -> -5 | AJ49: WF-014422 | AK49: B- Incorporate Comments - Proceed | AL49: 46096 | AM49: FHD-TRANSMIT-004719 | AN49: =AL49+7 -> 46103 | AO49: 46111 | AP49: =AO49-AN49 -> 8 | AQ49: WF-021005 | AR49: B- Incorporate Comments - Proceed | AS49: 46112 | AT49: FHD-TRANSMIT-004856 | AU49: =AS49+7 -> 46119 | AV49: 46116 | AW49: =AV49-AU49 -> -3 | AX49: WF-021471 | AY49: A - Work May Proceed | AZ49: 46182 | BA49: FHD-TRANSMIT-005655 | BB49: =AZ49+7 -> 46189 | BC49: 46189 | BD49: =BC49-BB49 -> 0 | BE49: WF-024696
A50: 730007 | B50: A - Work May Proceed | C50: 04 | D50: 40-730007-4800001272-FHD-ARC-MAT-000039 | E50: 40-730007-4800001272-FHD-ARC-CRS-000058 | F50: 4800001272-FHD-CG - Material Submittal for Aluminum Window & Curtain Wall & Louver By Lavenco Aluminum System | G50: Material Submittal | H50: ARC - Architectural | I50: C - Revise and Resubmit - Do Not Proceed | J50: 45656 | K50: FHD-TRANSMIT-000864 | L50: =J50+7 -> 45663 | M50: 45666 | N50: =M50-L50 -> 3 | O50: WF-002366 | P50: B- Incorporate Comments - Proceed | Q50: 45667 | R50: FHD-TRANSMIT-000976 | S50: =Q50+7 -> 45674 | T50: 45670 | U50: =T50-S50 -> -4 | V50: WF-002554 | W50: B- Incorporate Comments - Proceed | X50: 46001 | Y50: FHD-TRANSMIT-003752 | Z50: =X50+7 -> 46008 | AA50: 46013 | AB50: =AA50-Z50 -> 5 | AC50: WF-016502 | AD50: A - Work May Proceed | AE50: 46064 | AF50: FHD-TRANSMIT-004435 | AG50: =AE50+7 -> 46071 | AH50: 46076 | AI50: =AH50-AG50 -> 5 | AJ50: WF-019564
A51: 730007 | B51: A - Work May Proceed | C51: 03 | D51: 40-730007-4800001272-FHD-ARC-MAT-000040 | E51: 40-730007-4800001272-FHD-ARC-CRS-000059 | F51: 4800001272-FHD-CG - Material Submittal for Powder Coat By Lavenco Aluminum System | G51: Material Submittal | H51: ARC - Architectural | I51: B- Incorporate Comments - Proceed | J51: 45656 | K51: FHD-TRANSMIT-000865 | L51: =J51+7 -> 45663 | M51: 45666 | N51: =M51-L51 -> 3 | O51: WF-002367 | P51: B- Incorporate Comments - Proceed | Q51: 45805 | R51: FHD-TRANSMIT-002049 | S51: =Q51+7 -> 45812 | T51: 45811 | U51: =T51-S51 -> -1 | V51: WF-007097 | W51: A - Work May Proceed | X51: 45812 | Y51: FHD-TRANSMIT-002126 | Z51: =X51+7 -> 45819 | AA51: 45823 | AB51: =AA51-Z51 -> 4 | AC51: WF-007532
A52: 730007 | B52: A - Work May Proceed | C52: 02 | D52: 40-730007-4800001272-FHD-ARC-MAT-000041 | E52: 40-730007-4800001272-FHD-ARC-CRS-000060 | F52: 4800001272-FHD-CG - Material Submittal for Silicone By Lavenco - Wn Wacker | G52: Material Submittal | H52: ARC - Architectural | I52: B- Incorporate Comments - Proceed | J52: 45656 | K52: FHD-TRANSMIT-000866 | L52: =J52+7 -> 45663 | M52: 45666 | N52: =M52-L52 -> 3 | O52: WF-002368 | P52: A - Work May Proceed | Q52: 45804 | R52: FHD-TRANSMIT-002045 | S52: =Q52+7 -> 45811 | T52: 45811 | U52: =T52-S52 -> 0 | V52: WF-007089
A53: 730007 | B53: A - Work May Proceed | C53: 03 | D53: 40-730007-4800001272-FHD-ARC-MAT-000042 | E53: 40-730007-4800001272-FHD-ARC-CRS-000061 | F53: 4800001272-FHD-CG - Material Submittal for Accessories & Rubber By Lavenco Aluminum System | G53: Material Submittal | H53: ARC - Architectural | I53: B- Incorporate Comments - Proceed | J53: 45656 | K53: FHD-TRANSMIT-000867 | L53: =J53+7 -> 45663 | M53: 45666 | N53: =M53-L53 -> 3 | O53: WF-002370 | P53: B- Incorporate Comments - Proceed | Q53: 46121 | R53: FHD-TRANSMIT-004977 | S53: =Q53+7 -> 46128 | T53: 46126 | U53: =T53-S53 -> -2 | V53: WF-022002 | W53: A - Work May Proceed | X53: 46147 | Y53: FHD-TRANSMIT-005320 | Z53: =X53+7 -> 46154 | AA53: 46159 | AB53: =AA53-Z53 -> 5 | AC53: WF-023366
A54: 730007 | B54: A - Work May Proceed | C54: 03 | D54: 40-730007-4800001272-FHD-ARC-MAT-000043 | E54: 40-730007-4800001272-FHD-ARC-CRS-000062 | F54: 4800001272-FHD-CG - Material Submittal for Glazing Glass By Lavenco Aluminum System | G54: Material Submittal | H54: ARC - Architectural | I54: C - Revise and Resubmit - Do Not Proceed | J54: 45656 | K54: FHD-TRANSMIT-000868 | L54: =J54+7 -> 45663 | M54: 45666 | N54: =M54-L54 -> 3 | O54: WF-002376 | P54: B- Incorporate Comments - Proceed | Q54: 45667 | R54: FHD-TRANSMIT-000975 | S54: =Q54+7 -> 45674 | T54: 45670 | U54: =T54-S54 -> -4 | V54: WF-002553 | W54: A - Work May Proceed | X54: 46065 | Y54: FHD-TRANSMIT-004441 | Z54: =X54+7 -> 46072 | AA54: 46072 | AB54: =AA54-Z54 -> 0 | AC54: WF-019568
A55: 730007 | B55: Cancelled | C55: XX | D55: 40-730007-4800001272-FHD-ARC-MAT-000044 | E55: 40-730007-4800001272-FHD-ARC-CRS-000065 | F55: 4800001272-FHD-CG - Material Submittal for Raised Floor By Avayo Middle East Company limited | G55: Material Submittal | H55: ARC - Architectural | I55: C - Revise and Resubmit - Do Not Proceed | J55: 45661 | K55: FHD-TRANSMIT-000906 | L55: =J55+7 -> 45668 | M55: 45673 | N55: =M55-L55 -> 5 | O55: WF-002443 | P55: Cancelled | Q55: 45766 | R55: FHD-TRANSMIT-001722 | S55: _ | T55: _ | U55: _ | V55: _
A56: 730007 | B56: A - Work May Proceed | C56: 02 | D56: 40-730007-4800001272-FHD-ARC-MAT-000045 | E56: 40-730007-4800001272-FHD-ARC-CRS-000066 | F56: 4800001272-FHD-CG - Material Submittal for Rolling Shutter Doors By ROLLC for Trading Company | G56: Material Submittal | H56: ARC - Architectural | I56: B- Incorporate Comments - Proceed | J56: 45662 | K56: FHD-TRANSMIT-000920 | L56: =J56+7 -> 45669 | M56: 45673 | N56: =M56-L56 -> 4 | O56: WF-002454 | P56: B- Incorporate Comments - Proceed | Q56: 45808 | R56: FHD-TRANSMIT-002087 | S56: =Q56+7 -> 45815 | T56: 45812 | U56: _ | V56: WF-007288 | W56: A - Work May Proceed | X56: 45830 | Y56: FHD-TRANSMIT-002197 | Z56: =X56+7 -> 45837 | AA56: 45844 | AB56: =AA56-Z56 -> 7 | AC56: WF-008231
A57: 730007 | B57: Cancelled | C57: XX | D57: 40-730007-4800001272-FHD-ARC-MAT-000046 | E57: 40-730007-4800001272-FHD-ARC-CRS-000068 | F57: 4800001272-FHD-CG - Material Submittal for Handrails By Arts Factory | G57: Material Submittal | H57: ARC - Architectural | I57: C - Revise and Resubmit - Do Not Proceed | J57: 45666 | K57: FHD-TRANSMIT-000955 | L57: =J57+7 -> 45673 | M57: 45673 | N57: =M57-L57 -> 0 | O57: WF-002531 | P57: Cancelled | Q57: 45767 | R57: FHD-TRANSMIT-001724 | S57: _ | T57: _ | U57: _ | V57: _
A58: 730007 | B58: Cancelled | C58: XX | D58: 40-730007-4800001272-FHD-ARC-MAT-000047 | E58: 40-730007-4800001272-FHD-ARC-CRS-000069 | F58: 4800001272-FHD-CG - Material Submittal for Vinyl Flooring By Gerflor | G58: Material Submittal | H58: ARC - Architectural | I58: C - Revise and Resubmit - Do Not Proceed | J58: 45671 | K58: FHD-TRANSMIT-001000 | L58: =J58+7 -> 45678 | M58: 45683 | N58: =M58-L58 -> 5 | O58: WF-002599 | P58: Cancelled | Q58: 45878 | R58: FHD-TRANSMIT-002576
A59: 730007 | B59: A - Work May Proceed | C59: 03 | D59: 40-730007-4800001272-FHD-ARC-MAT-000048 | E59: 40-730007-4800001272-FHD-ARC-CRS-000070 | F59: 4800001272-FHD-CG - Material Submittal for Raised Floor By Kayan Gulf Company | G59: Material Submittal | H59: ARC - Architectural | I59: B- Incorporate Comments - Proceed | J59: 45679 | K59: FHD-TRANSMIT-001069 | L59: =J59+7 -> 45686 | M59: 45686 | N59: =M59-L59 -> 0 | O59: WF-002754 | P59: B- Incorporate Comments - Proceed | Q59: 45958 | R59: FHD-TRANSMIT-003255 | S59: =Q59+7 -> 45965 | T59: 45966 | U59: =T59-S59 -> 1 | V59: WF-014463 | W59: A - Work May Proceed | X59: 45978 | Y59: FHD-TRANSMIT-003541 | Z59: =X59+7 -> 45985 | AA59: 45981 | AB59: =AA59-Z59 -> -4 | AC59: WF-015285
A60: 730007 | B60: Cancelled | C60: XX | D60: 40-730007-4800001272-FHD-ARC-MAT-000049 | E60: 40-730007-4800001272-FHD-ARC-CRS-000071 | F60: 4800001272-FHD-CG - Material Submittal for Raised Floor By Sigma Factory for Steel Products | G60: Material Submittal | H60: ARC - Architectural | I60: C - Revise and Resubmit - Do Not Proceed | J60: 45679 | K60: FHD-TRANSMIT-001079 | L60: =J60+7 -> 45686 | M60: 45691 | N60: =M60-L60 -> 5 | O60: WF-002761 | P60: Cancelled | Q60: 45766 | R60: FHD-TRANSMIT-001723 | S60: _ | T60: _ | U60: _ | V60: _
A61: 730007 | B61: A - Work May Proceed | C61: 01 | D61: 40-730007-4800001272-FHD-ARC-MAT-000050 | E61: 40-730007-4800001272-FHD-ARC-CRS-000072 | F61: 4800001272-FHD-CG - Material Submittal for Furniture & Recycle Bin By Diamond Sword Commercial Agencies | G61: Material Submittal | H61: ARC - Architectural | I61: A - Work May Proceed | J61: 45685 | K61: FHD-TRANSMIT-001125 | L61: =J61+7 -> 45692 | M61: 45686 | N61: =M61-L61 -> -6 | O61: WF-002850
A62: 730007 | B62: A - Work May Proceed | C62: 03 | D62: 40-730007-4800001272-FHD-ARC-MAT-000051 | E62: 40-730007-4800001272-FHD-ARC-CRS-000073 | F62: 4800001272-FHD-CG - Material Submittal for Fire Rated Sealant for Joints By Unitech | G62: Material Submittal | H62: ARC - Architectural | I62: B- Incorporate Comments - Proceed | J62: 45688 | K62: FHD-TRANSMIT-001164 | L62: =J62+7 -> 45695 | M62: 45696 | N62: =M62-L62 -> 1 | O62: WF-002947 | P62: B- Incorporate Comments - Proceed | Q62: 45841 | R62: FHD-TRANSMIT-002284 | S62: =Q62+7 -> 45848 | T62: 45851 | U62: =T62-S62 -> 3 | V62: WF-009041 | W62: A - Work May Proceed | X62: 45952 | Y62: FHD-TRANSMIT-003192 | Z62: =X62+7 -> 45959 | AA62: 45955 | AB62: =AA62-Z62 -> -4 | AC62: WF-014211
A63: 730007 | B63: A - Work May Proceed | C63: 04 | D63: 40-730007-4800001272-FHD-ARC-MAT-000052 | E63: 40-730007-4800001272-FHD-ARC-CRS-000074 | F63: 4800001272-FHD-CG - Material Submittal for Granite By Al Mulhem Marble Limited Company | G63: Material Submittal | H63: ARC - Architectural | I63: C - Revise and Resubmit - Do Not Proceed | J63: 45691 | K63: FHD-TRANSMIT-001187 | L63: =J63+7 -> 45698 | M63: 45699 | N63: =M63-L63 -> 1 | O63: WF-002998 | P63: C - Revise and Resubmit - Do Not Proceed | Q63: 45741 | R63: FHD-TRANSMIT-001597 | S63: =Q63+7 -> 45748 | T63: 45760 | U63: =T63-S63 -> 12 | V63: WF-004841 | W63: B- Incorporate Comments - Proceed | X63: 45775 | Y63: FHD-TRANSMIT-001784 | Z63: =X63+7 -> 45782 | AA63: 45781 | AB63: =AA63-Z63 -> -1 | AC63: WF-005738 | AD63: A - Work May Proceed | AE63: 45935 | AF63: FHD-TRANSMIT-003046 | AG63: =AE63+7 -> 45942 | AH63: 45936 | AI63: =AH63-AG63 -> -6 | AJ63: WF-013545
A64: 730007 | B64: A - Work May Proceed | C64: 06 | D64: 40-730007-4800001272-FHD-ARC-MAT-000053 | E64: 40-730007-4800001272-FHD-ARC-CRS-000075 | F64: 4800001272-FHD-CG - Material Submittal for Porcelain Tiles By Future Ceramic | G64: Material Submittal | H64: ARC - Architectural | I64: C - Revise and Resubmit - Do Not Proceed | J64: 45691 | K64: FHD-TRANSMIT-001186 | L64: =J64+7 -> 45698 | M64: 45699 | N64: =M64-L64 -> 1 | O64: WF-002999 | P64: C - Revise and Resubmit - Do Not Proceed | Q64: 45724 | R64: FHD-TRANSMIT-001440 | S64: =Q64+7 -> 45731 | T64: 45727 | U64: =T64-S64 -> -4 | V64: WF-004133 | W64: C - Revise and Resubmit - Do Not Proceed | X64: 45738 | Y64: FHD-TRANSMIT-001564 | Z64: =X64+7 -> 45745 | AA64: 45762 | AB64: =AA64-Z64 -> 17 | AC64: WF-004687 | AD64: C - Revise and Resubmit - Do Not Proceed | AE64: 45784 | AF64: FHD-TRANSMIT-001886 | AG64: =AE64+7 -> 45791 | AH64: 45790 | AI64: =AH64-AG64 -> -1 | AJ64: WF-006138 | AK64: B- Incorporate Comments - Proceed | AL64: 45862 | AM64: FHD-TRANSMIT-002455 | AN64: =AL64+7 -> 45869 | AO64: 45868 | AP64: =AO64-AN64 -> -1 | AQ64: WF-010318 | AR64: A - Work May Proceed | AS64: 45950 | AT64: FHD-TRANSMIT-003172 | AU64: =AS64+7 -> 45957 | AV64: 45953 | AW64: =AV64-AU64 -> -4 | AX64: WF-014122
A65: 730007 | B65: Cancelled | C65: XX | D65: 40-730007-4800001272-FHD-ARC-MAT-000054 | E65: 40-730007-4800001272-FHD-ARC-CRS-000076 | F65: 4800001272-FHD-CG - Material Submittal for Keeline Lifeline System By KIG Safety Equipment LTD LLC | G65: Material Submittal | H65: ARC - Architectural | I65: C - Revise and Resubmit - Do Not Proceed | J65: 45691 | K65: FHD-TRANSMIT-001188 | L65: =J65+7 -> 45698 | M65: 45699 | N65: =M65-L65 -> 1 | O65: WF-003000 | P65: C - Revise and Resubmit - Do Not Proceed | Q65: 45712 | R65: FHD-TRANSMIT-001372 | S65: =Q65+7 -> 45719 | T65: 45717 | U65: =T65-S65 -> -2 | V65: WF-003661 | W65: C - Revise and Resubmit - Do Not Proceed | X65: 45739 | Y65: FHD-TRANSMIT-001581 | Z65: =X65+7 -> 45746 | AA65: 45753 | AB65: =AA65-Z65 -> 7 | AC65: WF-004803 | AD65: B- Incorporate Comments - Proceed | AE65: 45755 | AF65: FHD-TRANSMIT-001639 | AG65: =AE65+7 -> 45762 | AH65: 45760 | AI65: =AH65-AG65 -> -2 | AJ65: WF-005089 | AK65: Cancelled | AL65: 46250 | AM65: FHD-TRANSMIT-006264 | AN65: _ | AO65: _ | AP65: _ | AQ65: _
A66: 730007 | B66: Cancelled | C66: XX | D66: 40-730007-4800001272-FHD-ARC-MAT-000055 | E66: 40-730007-4800001272-FHD-ARC-CRS-000077 | F66: 4800001272-FHD-CG - Material Submittal for Mrros By Arts (Saudi Guardian Glass Co.) | G66: Material Submittal | H66: ARC - Architectural | I66: B- Incorporate Comments - Proceed | J66: 45702 | K66: FHD-TRANSMIT-001276 | L66: =J66+7 -> 45709 | M66: 45705 | N66: =M66-L66 -> -4 | O66: WF-003380 | P66: Cancelled | Q66: 46070 | R66: FHD-TRANSMIT-004481 | S66: _ | T66: _ | U66: _ | V66: _
A67: 730007 | B67: Cancelled | C67: XX | D67: 40-730007-4800001272-FHD-ARC-MAT-000056 | E67: 40-730007-4800001272-FHD-ARC-CRS-000079 | F67: 4800001272-FHD-CG - Material Submittal for Wooden Cladding By Sultanah Allied Industries Company | G67: Material Submittal | H67: ARC - Architectural | I67: C - Revise and Resubmit - Do Not Proceed | J67: 45709 | K67: FHD-TRANSMIT-001352 | L67: =J67+7 -> 45716 | M67: 45717 | N67: =M67-L67 -> 1 | O67: WF-003584 | P67: Cancelled | Q67: 45878 | R67: FHD-TRANSMIT-002576
A68: 730007 | B68: A - Work May Proceed | C68: 03 | D68: 40-730007-4800001272-FHD-ARC-MAT-000057 | E68: 40-730007-4800001272-FHD-ARC-CRS-000080 | F68: 4800001272-FHD-CG - Material Submittal for Vinyl By Gerflor | G68: Material Submittal | H68: ARC - Architectural | I68: C - Revise and Resubmit - Do Not Proceed | J68: 45715 | K68: FHD-TRANSMIT-001394 | L68: =J68+7 -> 45722 | M68: 45725 | N68: =M68-L68 -> 3 | O68: WF-003821 | P68: B- Incorporate Comments - Proceed | Q68: 45739 | R68: FHD-TRANSMIT-001576 | S68: =Q68+7 -> 45746 | T68: 45753 | U68: =T68-S68 -> 7 | V68: WF-004799 | W68: A - Work May Proceed | X68: 45921 | Y68: FHD-TRANSMIT-002912 | Z68: =X68+7 -> 45928 | AA68: 45927 | AB68: =AA68-Z68 -> -1 | AC68: WF-013044
A69: 730007 | B69: A - Work May Proceed | C69: 04 | D69: 40-730007-4800001272-FHD-ARC-MAT-000058 | E69: 40-730007-4800001272-FHD-ARC-CRS-000081 | F69: 4800001272-FHD-CG - Material Submittal for Furniture & Waste Bin By Arch17 | G69: Material Submittal | H69: ARC - Architectural | I69: C - Revise and Resubmit - Do Not Proceed | J69: 45724 | K69: FHD-TRANSMIT-001441 | L69: =J69+7 -> 45731 | M69: 45725 | N69: =M69-L69 -> -6 | O69: WF-004134 | P69: C - Revise and Resubmit - Do Not Proceed | Q69: 45729 | R69: FHD-TRANSMIT-001503 | S69: =Q69+7 -> 45736 | T69: 45735 | U69: =T69-S69 -> -1 | V69: WF-004346 | W69: B- Incorporate Comments - Proceed | X69: 46061 | Y69: FHD-TRANSMIT-004397 | Z69: =X69+7 -> 46068 | AA69: 46062 | AB69: =AA69-Z69 -> -6 | AC69: WF-019349 | AD69: A - Work May Proceed | AE69: 46201 | AF69: FHD-TRANSMIT-005841 | AG69: =AE69+7 -> 46208 | AH69: 46208 | AI69: =AH69-AG69 -> 0 | AJ69: WF-025543
A70: 730007 | B70: Cancelled | C70: XX | D70: 40-730007-4800001272-FHD-ARC-MAT-000059 | E70: 40-730007-4800001272-FHD-ARC-CRS-000082 | F70: 4800001272-FHD-CG - Material Submittal for Carpet Tiles By Arch17 (Another Option) | G70: Material Submittal | H70: ARC - Architectural | I70: C - Revise and Resubmit - Do Not Proceed | J70: 45726 | K70: FHD-TRANSMIT-001470 | L70: =J70+7 -> 45733 | M70: 45731 | N70: =M70-L70 -> -2 | O70: WF-004244 | P70: Cancelled | Q70: 45887 | R70: FHD-TRANSMIT-002643 | S70: _
A71: 730007 | B71: Cancelled | C71: XX | D71: 40-730007-4800001272-FHD-ARC-MAT-000060 | E71: 40-730007-4800001272-FHD-ARC-CRS-000083 | F71: 4800001272-FHD-CG - Material Submittal for Toilet Partitions By Bama Arabia Decoration Co. | G71: Material Submittal | H71: ARC - Architectural | I71: C - Revise and Resubmit - Do Not Proceed | J71: 45726 | K71: FHD-TRANSMIT-001469 | L71: =J71+7 -> 45733 | M71: 45731 | N71: =M71-L71 -> -2 | O71: WF-004243 | P71: C - Revise and Resubmit - Do Not Proceed | Q71: 45739 | R71: FHD-TRANSMIT-001575 | S71: =Q71+7 -> 45746 | T71: 45753 | U71: =T71-S71 -> 7 | V71: WF-004798 | W71: Cancelled | X71: 45878 | Y71: FHD-TRANSMIT-002576
A72: 730007 | B72: Cancelled | C72: XX | D72: 40-730007-4800001272-FHD-ARC-MAT-000061 | E72: 40-730007-4800001272-FHD-ARC-CRS-000084 | F72: 4800001272-FHD-CG - Material Submittal for Roof Cement Tiles By Construction Material Co. | G72: Material Submittal | H72: ARC - Architectural | I72: C - Revise and Resubmit - Do Not Proceed | J72: 45739 | K72: FHD-TRANSMIT-001574 | L72: =J72+7 -> 45746 | M72: 45753 | N72: =M72-L72 -> 7 | O72: WF-004797 | P72: Cancelled | Q72: 45878 | R72: FHD-TRANSMIT-002576
A73: 730007 | B73: A - Work May Proceed | C73: 07 | D73: 40-730007-4800001272-FHD-ARC-MAT-000062 | E73: 40-730007-4800001272-FHD-ARC-CRS-000087 | F73: 4800001272-FHD-CG - Material Submittal for Acoustic Fabric Wall Panels By Al Sawaed General Contracting Company. | G73: Material Submittal | H73: ARC - Architectural | I73: C - Revise and Resubmit - Do Not Proceed | J73: 45766 | K73: FHD-TRANSMIT-001720 | L73: =J73+7 -> 45773 | M73: 45774 | N73: =M73-L73 -> 1 | O73: WF-005464 | P73: C - Revise and Resubmit - Do Not Proceed | Q73: 45804 | R73: FHD-TRANSMIT-002041 | S73: =Q73+7 -> 45811 | T73: 45810 | U73: =T73-S73 -> -1 | V73: WF-007061 | W73: C - Revise and Resubmit - Do Not Proceed | X73: 45845 | Y73: FHD-TRANSMIT-002301 | Z73: =X73+7 -> 45852 | AA73: 45853 | AB73: =AA73-Z73 -> 1 | AC73: WF-009184 | AD73: B- Incorporate Comments - Proceed | AE73: 45866 | AF73: FHD-TRANSMIT-002486 | AG73: =AE73+7 -> 45873 | AH73: 45875 | AI73: =AH73-AG73 -> 2 | AJ73: WF-010541 | AK73: B- Incorporate Comments - Proceed | AL73: 46007 | AM73: FHD-TRANSMIT-003913 | AN73: 46016 | AO73: 46021 | AP73: =AO73-AN73 -> 5 | AQ73: WF-017318 | AR73: B- Incorporate Comments - Proceed | AS73: 46021 | AT73: FHD-TRANSMIT-003950 | AU73: 46016 | AV73: 46029 | AW73: =AV73-AU73 -> 13 | AX73: WF-017461 | AY73: A - Work May Proceed | AZ73: 46048 | BA73: FHD-TRANSMIT-004209 | BB73: 46016 | BC73: 46050 | BD73: =BC73-BB73 -> 34 | BE73: WF-018664
A74: 730007 | B74: A - Work May Proceed | C74: 02 | D74: 40-730007-4800001272-FHD-ARC-MAT-000063 | E74: 40-730007-4800001272-FHD-ARC-CRS-000088 | F74: 4800001272-FHD-CG - Material Submittal for Roof Cement Tiles By Opal United Factory for Concrete Products | G74: Material Submittal | H74: ARC - Architectural | I74: B- Incorporate Comments - Proceed | J74: 45781 | K74: FHD-TRANSMIT-001849 | L74: =J74+7 -> 45788 | M74: 45788 | N74: =M74-L74 -> 0 | O74: WF-006009 | P74: A - Work May Proceed | Q74: 46060 | R74: FHD-TRANSMIT-004373 | S74: =Q74+7 -> 46067 | T74: 46070 | U74: =T74-S74 -> 3 | V74: WF-019308
A75: 730007 | B75: A - Work May Proceed | C75: 03 | D75: 40-730007-4800001272-FHD-ARC-MAT-000064 | E75: 40-730007-4800001272-FHD-ARC-CRS-000089 | F75: 4800001272-FHD-CG - Material Submittal for Mirrors and Frame By (Nine) 9 Degrees | G75: Material Submittal | H75: ARC - Architectural | I75: B- Incorporate Comments - Proceed | J75: 45783 | K75: FHD-TRANSMIT-001878 | L75: =J75+7 -> 45790 | M75: 45794 | N75: =M75-L75 -> 4 | O75: WF-006139 | P75: B- Incorporate Comments - Proceed | Q75: 45808 | R75: FHD-TRANSMIT-002086 | S75: =Q75+7 -> 45815 | T75: 45811 | U75: =T75-S75 -> -4 | V75: WF-007290 | W75: A - Work May Proceed | X75: 45840 | Y75: FHD-TRANSMIT-002269 | Z75: =X75+7 -> 45847 | AA75: 45846 | AB75: =AA75-Z75 -> -1 | AC75: WF-008867
A76: 730007 | B76: A - Work May Proceed | C76: 05 | D76: 40-730007-4800001272-FHD-ARC-MAT-000065 | E76: 40-730007-4800001272-FHD-ARC-CRS-000090 | F76: 4800001272-FHD-CG - Material Submittal for Steel and Glass Handrail By (Nine) 9 Degrees for Contracting and Trading | G76: Material Submittal | H76: ARC - Architectural | I76: C - Revise and Resubmit - Do Not Proceed | J76: 45786 | K76: FHD-TRANSMIT-001896 | L76: =J76+7 -> 45793 | M76: 45797 | N76: =M76-L76 -> 4 | O76: WF-006253 | P76: C - Revise and Resubmit - Do Not Proceed | Q76: 45860 | R76: FHD-TRANSMIT-002432 | S76: =Q76+7 -> 45867 | T76: 45868 | U76: =T76-S76 -> 1 | V76: WF-010176 | W76: B- Incorporate Comments - Proceed | X76: 45924 | Y76: FHD-TRANSMIT-002961 | Z76: =X76+7 -> 45931 | AA76: 45935 | AB76: =AA76-Z76 -> 4 | AC76: WF-013167 | AD76: B- Incorporate Comments - Proceed | AE76: 46135 | AF76: FHD-TRANSMIT-005141 | AG76: =AE76+7 -> 46142 | AH76: 46146 | AI76: =AH76-AG76 -> 4 | AJ76: WF-022756 | AK76: A - Work May Proceed | AL76: 46149 | AM76: FHD-TRANSMIT-005342 | AN76: =AL76+7 -> 46156 | AO76: 46152 | AP76: =AO76-AN76 -> -4 | AQ76: WF-023438
A77: 000000 | B77: A - Work May Proceed | C77: 03 | D77: 40-000000-4800001272-FHD-ARC-MAT-000001 | E77: 40-000000-4800001272-FHD-ARC-CRS-000001 | F77: 4800001272-FHD-CG - Material Submittal for Non Fire Rated Sealant By Unitech | G77: Material Submittal | H77: ARC - Architectural | I77: C - Revise and Resubmit - Do Not Proceed | J77: 45789 | K77: FHD-TRANSMIT-001919 | L77: =J77+7 -> 45796 | M77: 45797 | N77: =M77-L77 -> 1 | O77: WF-006340 | P77: B- Incorporate Comments - Proceed | Q77: 45836 | R77: FHD-TRANSMIT-002233 | S77: =Q77+7 -> 45843 | T77: 45846 | U77: =T77-S77 -> 3 | V77: WF-008559 | W77: A - Work May Proceed | X77: 45946 | Y77: FHD-TRANSMIT-003145 | Z77: =X77+7 -> 45953 | AA77: 45950 | AB77: =AA77-Z77 -> -3 | AC77: WF-014027
A78: 000000 | B78: A - Work May Proceed | C78: 05 | D78: 40-000000-4800001272-FHD-ARC-MAT-000002 | E78: 40-000000-4800001272-FHD-ARC-CRS-000002 | F78: 4800001272-FHD-CG - Material Submittal for Standing Seam Sheet By Maani - Kingspan | G78: Material Submittal | H78: ARC - Architectural | I78: C - Revise and Resubmit - Do Not Proceed | J78: 45794 | K78: FHD-TRANSMIT-001962 | L78: =J78+7 -> 45801 | M78: 45803 | N78: =M78-L78 -> 2 | O78: WF-006547 | P78: C - Revise and Resubmit - Do Not Proceed | Q78: 45811 | R78: FHD-TRANSMIT-002120 | S78: =Q78+7 -> 45818 | T78: 45823 | U78: =T78-S78 -> 5 | V78: WF-007510 | W78: B- Incorporate Comments - Proceed | X78: 45832 | Y78: FHD-TRANSMIT-002209 | Z78: =X78+7 -> 45839 | AA78: 45844 | AB78: =AA78-Z78 -> 5 | AC78: WF-008239 | AD78: B- Incorporate Comments - Proceed | AE78: 46113 | AF78: FHD-TRANSMIT-004873 | AG78: =AE78+7 -> 46120 | AH78: 46123 | AI78: =AH78-AG78 -> 3 | AJ78: WF-021530 | AK78: A - Work May Proceed | AL78: 46201 | AM78: FHD-TRANSMIT-005842 | AN78: =AL78+7 -> 46208 | AO78: 46209 | AP78: =AO78-AN78 -> 1 | AQ78: WF-025544
A79: 000000 | B79: A - Work May Proceed | C79: 03 | D79: 40-000000-4800001272-FHD-ARC-MAT-000003 | E79: 40-000000-4800001272-FHD-ARC-CRS-000003 | F79: 4800001272-FHD-CG - Material Submittal for Toilet Partitions By Alsawaed | G79: Material Submittal | H79: ARC - Architectural | I79: C - Revise and Resubmit - Do Not Proceed | J79: 45806 | K79: FHD-TRANSMIT-002072 | L79: =J79+7 -> 45813 | M79: 45823 | N79: =M79-L79 -> 10 | O79: WF-007283 | P79: B- Incorporate Comments - Proceed | Q79: 45862 | R79: FHD-TRANSMIT-002451 | S79: =Q79+7 -> 45869 | T79: 45868 | U79: =T79-S79 -> -1 | V79: WF-010312 | W79: A - Work May Proceed | X79: 46048 | Y79: FHD-TRANSMIT-004223 | Z79: =X79+7 -> 46055 | AA79: 46050 | AB79: =AA79-Z79 -> -5 | AC79: WF-018658
A80: 000000 | B80: A - Work May Proceed | C80: 02 | D80: 40-000000-4800001272-FHD-ARC-MAT-000004 | E80: 40-000000-4800001272-FHD-ARC-CRS-000004 | F80: 4800001272-FHD-CG - Material Submittal for Crystalline Water proofing Veto proof CM741 By SAVETO | G80: Material Submittal | H80: ARC - Architectural | I80: B- Incorporate Comments - Proceed | J80: 45832 | K80: FHD-TRANSMIT-002216 | L80: =J80+7 -> 45839 | M80: 45844 | N80: =M80-L80 -> 5 | O80: WF-008347 | P80: A - Work May Proceed | Q80: 46135 | R80: FHD-TRANSMIT-005138 | S80: =Q80+7 -> 46142 | T80: 46138 | U80: =T80-S80 -> -4 | V80: WF-022758
A81: 000000 | B81: A - Work May Proceed | C81: 03 | D81: 40-000000-4800001272-FHD-ARC-MAT-000005 | E81: 40-000000-4800001272-FHD-ARC-CRS-000005 | F81: 4800001272-FHD-CG - Material Submittal for Rock wool insulation By Saudi international insulation manufacturing co. | G81: Material Submittal | H81: ARC - Architectural | I81: C - Revise and Resubmit - Do Not Proceed | J81: 45834 | K81: FHD-TRANSMIT-002226 | L81: =J81+7 -> 45841 | M81: 45846 | N81: =M81-L81 -> 5 | O81: WF-008560 | P81: B- Incorporate Comments - Proceed | Q81: 45857 | R81: FHD-TRANSMIT-002403 | S81: =Q81+7 -> 45864 | T81: 45865 | U81: =T81-S81 -> 1 | V81: WF-009988 | W81: A - Work May Proceed | X81: 46002 | Y81: FHD-TRANSMIT-003753 | Z81: =X81+7 -> 46009 | AA81: 46006 | AB81: =AA81-Z81 -> -3 | AC81: WF-016500
